Gov,District,GovPcode,District Pcode,NonDisplaced,IDPs,Returnees,Refugees,Migrants,TOTAL,Pop proportion NonDisplaced,Pop proportion IDPs,Pop proportion Returnees,Pop proportion Refugees,Pop proportion Migrants,# Surveys NonDisplaced,# Surveys NonDisplaced - Over,# Surveys IDPs,# Surveys IDPs - Over,# Surveys Returnees,# Surveys Returnees -Over,# Surveys Refugees,# Surveys Refugees - Over,# Surveys Migrants,# Surveys Migrants - Over
Ibb,Al Qafr,YE11,YE1101,143186,3396,,,,146828,0.04908044,0.023216703,0,0,0,11,11,5,15,0,0,0,0,NA,NA
Ibb,Yarim,YE11,YE1102,237618,8406,1680,,,247704,0.081449276,0.057467493,0.12345679,0,0,18,18,12,12,26,26,0,0,NA,NA
Ibb,Ar Radmah,YE11,YE1103,103377,4278,900,,,108555,0.035434949,0.029246483,0.066137566,0,0,8,18,6,15,14,14,0,0,NA,NA
Ibb,An Nadirah,YE11,YE1104,102182,5310,,,,107492,0.035025334,0.036301735,0,0,0,8,18,8,18,0,0,0,0,NA,NA
Ibb,Ash Sha'ir,YE11,YE1105,55093,2466,,,,57559,0.018884449,0.016858772,0,0,0,4,15,4,15,0,0,0,0,NA,NA
Ibb,As Saddah,YE11,YE1106,110830,7584,2172,,,120586,0.037989644,0.051847902,0.159611993,0,0,8,20,11,11,34,34,0,0,NA,NA
Ibb,Al Makhadir,YE11,YE1107,156699,2232,,,,158931,0.053712345,0.015259034,0,0,0,12,12,3,15,0,0,0,0,NA,NA
Ibb,Hubaysh,YE11,YE1108,144043,1860,,,,145903,0.049374197,0.012715862,0,0,0,11,11,3,15,0,0,0,0,NA,NA
Ibb,Hazm Al Udayn,YE11,YE1109,108550,8388,,,,116938,0.037208119,0.057344436,0,0,0,8,20,12,12,0,0,0,0,NA,NA
Ibb,Far Al Udayn,YE11,YE1110,123385,6702,,,,130087,0.042293172,0.045818122,0,0,0,9,20,10,18,0,0,0,0,NA,NA
Ibb,Al Udayn,YE11,YE1111,196826,6690,,,,203516,0.067466838,0.045736084,0,0,0,15,15,10,18,0,0,0,0,NA,NA
Ibb,Jiblah,YE11,YE1112,155577,7692,270,,,163539,0.053327753,0.052586242,0.01984127,0,0,12,12,11,11,4,12,0,0,NA,NA
Ibb,Ba'dan,YE11,YE1113,157704,4356,522,,,162582,0.054056833,0.029779728,0.038359788,0,0,12,12,6,15,8,12,0,0,NA,NA
Ibb,As Sabrah,YE11,YE1114,95165,4608,1188,,,100961,0.032620089,0.031502523,0.087301587,0,0,7,18,7,15,19,19,0,0,NA,NA
Ibb,As Sayyani,YE11,YE1115,152771,8790,,,,161561,0.052365929,0.060092703,0,0,0,11,11,13,13,0,0,0,0,NA,NA
Ibb,Dhi As Sufal,YE11,YE1116,226480,28926,,,,255406,0.077631459,0.197752164,0,0,0,17,17,43,43,0,0,0,0,NA,NA
Ibb,Mudhaykhirah,YE11,YE1117,106362,10332,,,,116694,0.03645813,0.070634563,0,0,0,8,20,15,15,0,0,0,0,NA,NA
Ibb,Al Mashannah,YE11,YE1118,138923,7662,1740,,,148325,0.047619195,0.052381148,0.127865961,0,0,10.30,10,11,11,27,27,0,0,NA,NA
Ibb,Al Dhihar,YE11,YE1119,212605,12390,1542,,,226537,0.07287547,0.084704049,0.113315697,0,0,16,16,18,18,24,24,0,0,NA,NA
Ibb,Ibb,YE11,YE1120,189998,4206,3594,211,,197798,0.065126377,0.028754256,0.264109347,1,0,14,14,6,15,57,57,113,113,NA,NA
Abyan,Al Mahfad,YE12,YE1201,35690,606,,,,36296,0.062972203,0.016008876,0,0,0,14,14,3,12,0,0,NA,NA,NA,NA
Abyan,Mudiyah,YE12,YE1202,47213,252,,,,47465,0.083303632,0.006657156,0,0,0,18,18,1,12,0,0,NA,NA,NA,NA
Abyan,Jayshan,YE12,YE1203,19863,342,,,,20205,0.035046704,0.009034712,0,0,0,8,12,2,12,0,0,NA,NA,NA,NA
Abyan,Lawdar,YE12,YE1204,112768,3606,2640,,,119014,0.198970284,0.095260739,0.261904762,0,0,43,43,21,21,56,56,NA,NA,NA,NA
Abyan,Sibah,YE12,YE1205,21344,930,,,,22274,0.037659812,0.024568077,0,0,0,8,12,5,12,0,0,NA,NA,NA,NA
Abyan,Rasad,YE12,YE1206,73240,828,,,,74068,0.129226231,0.021873514,0,0,0,28,28,5,12,0,0,NA,NA,NA,NA
Abyan,Sarar,YE12,YE1207,20210,360,,,,20570,0.035658958,0.009510223,0,0,0,8,12,2,12,0,0,NA,NA,NA,NA
Abyan,Al Wade'a,YE12,YE1208,31092,822,,,,31914,0.054859393,0.02171501,0,0,0,12,12,5,12,0,0,NA,NA,NA,NA
Abyan,Ahwar,YE12,YE1209,34039,354,,,,34393,0.060059143,0.00935172,0,0,0,13,13,2,12,0,0,NA,NA,NA,NA
Abyan,Zingibar,YE12,YE1210,32601,8106,,,,40707,0.057521905,0.214138532,0,0,0,12,12,46,46,0,0,NA,NA,NA,NA
Abyan,Khanfir,YE12,YE1211,138698,21648,7440,,,167786,0.244721733,0.571881439,0.738095238,0,0,53,53,123,123,157,157,NA,NA,NA,NA
Amanat Al Asimah,Old City,YE13,YE1301,120886,2802,,613,,124228,0.043334948,0.006502639,0,0.013293431,0,9,20,1,15,0,0,3,15,0,0
Amanat Al Asimah,Shu'aub,YE13,YE1302,405149,41478,10968,782,,458685,0.145236923,0.096258546,0.058962036,0.016958341,0,31,31,21,21,13,13,4,15,0,0
Amanat Al Asimah,Az'zal,YE13,YE1303,197844,11772,28020,1867,,238375,0.070922682,0.027319437,0.150630584,0.040487498,0,15,15,6,20,33,33,9,18,0,0
Amanat Al Asimah,Assafi'yah,YE13,YE1304,155492,15060,40998,16490,,214379,0.055740431,0.034949942,0.220398026,0.357599809,0,12,12,8,20,48,48,77,77,0,0
Amanat Al Asimah,As Sabain,YE13,YE1305,451025,84816,76026,10540,356,615519,0.161682451,0.196833619,0.408702384,0.22856895,1,35,35,43,43,88,88,49,49,140,140
Amanat Al Asimah,Al Wahdah,YE13,YE1306,183487,15792,1488,5362,,203780,0.065776017,0.036648704,0.007999226,0.116279574,0,14,14,8,20,2,15,25,25,0,0
Amanat Al Asimah,At Tahrir,YE13,YE1307,118871,13452,,1644,,132972,0.042612615,0.031218235,0,0.035651552,0,9,20,7,20,0,0,8,18,0,0
Amanat Al Asimah,Ma'ain,YE13,YE1308,517466,92676,2208,6277,,612857,0.185500075,0.215074425,0.011869819,0.136122135,0,40,40,47,47,3,15,29,29,0,0
Amanat Al Asimah,Ath'thaorah,YE13,YE1309,298433,37896,21090,1810,,358163,0.106981606,0.087945751,0.113376125,0.039251404,0,23,23,19,19,25,25,9,18,0,0
Amanat Al Asimah,Bani Al Harith,YE13,YE1310,340920,115158,5220,728,,463203,0.122212253,0.267248702,0.0280618,0.015787305,0,26,26,58,58,6,18,3,15,0,0
Al Bayda,Na'man,YE14,YE1401,12080,414,,,180,13126,0.016808032,0.011809002,0,0,0.102798401,4,12,3,12,0,0,0,0,20,20
Al Bayda,Nati',YE14,YE1402,16903,,,,112,17312,0.023518723,0,0,0,0.063963449,5,12,0,0,0,0,0,0,12.5,13
Al Bayda,Maswarah,YE14,YE1403,9339,,,,,9614,0.012994223,0,0,0,0,3,12,0,0,0,0,0,0,0,0
Al Bayda,As Sawma'ah,YE14,YE1404,59546,672,1488,,,61706,0.082851911,0.019168235,0.161879896,0,0,18,18,4,12,34,34,0,0,0,0
Al Bayda,Az Zahir,YE14,YE1405,18747,996,,,,19743,0.026084452,0.028410063,0,0,0,6,12,6,12,0,0,0,0,0,0
Al Bayda,Dhi Na'im,YE14,YE1406,30464,270,,,,30734,0.042387408,0.007701523,0,0,0,9,12,2,12,0,0,0,0,0,0
Al Bayda,At Taffah,YE14,YE1407,37403,288,,,,37691,0.052042287,0.008214958,0,0,0,11,11,2,12,0,0,0,0,0,0
Al Bayda,Mukayras,YE14,YE1408,41454,1272,1884,,,44610,0.057678822,0.036282731,0.204960836,0,0,13,13,8,15,44,44,0,0,0,0
Al Bayda,Al Bayda City,YE14,YE1409,37965,5532,,,,43497,0.05282425,0.157795653,0,0,0,11,11,34,34,0,0,0,0,0,0
Al Bayda,Al Bayda,YE14,YE1410,53498,4824,,,,58769,0.074436764,0.137600548,0,0,0,16,16,30,30,0,0,0,0,0,0
Al Bayda,As Sawadiyah,YE14,YE1411,33336,,462,,,33798,0.04638349,0,0.050261097,0,0,10,15,0,0,11,11,0,0,0,0
Al Bayda,Radman Al Awad,YE14,YE1412,25986,276,,,510,26772,0.036156749,0.007872668,0,0,0.291262136,8,12,2,12,0,0,0,0,56.8,57
Al Bayda,Rada',YE14,YE1413,70452,11094,,229,829,82920,0.098026448,0.316447031,0,1,0.473443746,21,21,68,68,0,0,117,117,92.3,92
Al Bayda,Al Quraishyah,YE14,YE1414,35908,948,2958,,,40634,0.049962154,0.027040904,0.321801567,0,0,11,11,6,12,68,68,0,0,0,0
Al Bayda,Wald Rabi',YE14,YE1415,19030,558,2400,,,22286,0.026478216,0.015916481,0.261096606,0,0,6,12,3,12,55,55,0,0,0,0
Al Bayda,Al A'rsh,YE14,YE1416,62784,1410,,,,65036,0.087357243,0.040219066,0,0,0,19,19,9,15,0,0,0,0,0,0
Al Bayda,Sabah,YE14,YE1417,37296,732,,,120,38148,0.051893408,0.020879685,0,0,0.068532267,11,11,5,12,0,0,0,0,13.4,13
Al Bayda,Ar Ryashyyah,YE14,YE1418,30998,5052,,,,36297,0.043130413,0.144104056,0,0,0,9,15,31,31,0,0,0,0,0,0
Al Bayda,Ash Sharyah,YE14,YE1419,46068,396,,,,47109,0.064098711,0.011295567,0,0,0,14,14,2,12,0,0,0,0,0,0
Al Bayda,Al Malagim,YE14,YE1420,39447,324,,,,40072,0.054886295,0.009241828,0,0,0,12,12,2,12,0,0,0,0,0,0
Taizz,Mawiyah,YE15,YE1501,175973,11124,,2147,373,188058,0.068916024,0.034987073,0,1,1,15,15,8,20,0,0,199,199,142,142
Taizz,Shara'b As Salam,YE15,YE1502,146551,14436,,,,160987,0.057393533,0.045403937,0,0,0,12,12,10,20,0,0,0,0,0,0
Taizz,Shara'b Ar Rawnah,YE15,YE1503,198739,15228,,,,213967,0.077831836,0.047894926,0,0,0,17,17,10,10,0,0,0,0,0,0
Taizz,Maqbanah,YE15,YE1504,243115,13884,,,,256999,0.095210737,0.043667793,0,0,0,21,21,9,20,0,0,0,0,0,0
Taizz,Al  Mukha,YE15,YE1505,44286,17868,16632,,,78786,0.017343655,0.056198222,0.152214301,0,0,4,15,12,12,33,33,0,0,0,0
Taizz,Dhubab,YE15,YE1506,,6474,10507,,,16981,0,0.020361948,0.09615895,0,0,0,0,4,18,21,21,0,0,0,0
Taizz,Mawza,YE15,YE1507,7510,660,1224,,,9394,0.002941129,0.002075824,0.011201918,0,0,1,12,0,12,2,12,0,0,0,0
Taizz,Jabal Habashy,YE15,YE1508,141908,14190,,,,156098,0.055575202,0.04463022,0,0,0,12,12,10,20,0,0,0,0,0,0
Taizz,Mashra'a Wa Hadnan,YE15,YE1509,32205,2586,,,,34791,0.012612392,0.008133457,0,0,0,3,15,2,15,0,0,0,0,0,0
Taizz,Sabir Al Mawadim,YE15,YE1510,122033,10398,1938,,,134369,0.047791588,0.032703667,0.017736371,0,0,10,10,7,20,4,15,0,0,0,0
Taizz,Al Misrakh,YE15,YE1511,118037,8346,7758,,,134141,0.046226641,0.026249741,0.071000394,0,0,10,20,6,18,15,15,0,0,0,0
Taizz,Dimnat Khadir,YE15,YE1512,149001,30684,,,,179685,0.058353022,0.096506954,0,0,0,13,13,21,21,0,0,0,0,0,0
Taizz,As Silw,YE15,YE1513,42987,4848,3870,,,51705,0.01683493,0.015247872,0.03541783,0,0,4,15,3,18,8,18,0,0,0,0
Taizz,Ash Shamayatayn,YE15,YE1514,202421,39276,,,,241697,0.079273811,0.123530411,0,0,0,17,17,27,27,0,0,0,0,0,0
Taizz,Al Wazi'iyah,YE15,YE1515,7517,,,,,7517,0.002943871,0,0,0,0,1,12,0,0,0,0,0,0,0,0
Taizz,Hayfan,YE15,YE1516,92160,20580,,,,112740,0.036092473,0.064727973,0,0,0,8,18,14,14,0,0,0,0,0,0
Taizz,Al Mudhaffar,YE15,YE1517,110510,12486,39132,,,162128,0.043278854,0.03927082,0.358131915,0,0,9,20,9,20,77,77,0,0,0,0
Taizz,Al Qahirah,YE15,YE1518,83737,11844,23148,,,118729,0.032793787,0.037251609,0.211848042,0,0,7,18,8,20,46,46,0,0,0,0
Taizz,Salh,YE15,YE1519,62289,6924,5058,,,74271,0.024394141,0.021777283,0.04629028,0,0,5,18,5,18,10,18,0,0,0,0
Taizz,At Ta'iziyah,YE15,YE1520,229968,45564,,,,275532,0.090061999,0.143307354,0,0,0,20,20,31,31,0,0,0,0,0,0
Taizz,Al Ma'afer,YE15,YE1521,131617,12072,,,,143689,0.051544954,0.037968712,0,0,0,11,11,8,20,0,0,0,0,0,0
Taizz,Al Mawasit,YE15,YE1522,154787,13362,,,,168149,0.060618984,0.042026004,0,0,0,13,13,9,20,0,0,0,0,0,0
Taizz,Sama,YE15,YE1523,56090,5112,,,,61202,0.021966437,0.016078202,0,0,0,5,15,4,18,0,0,0,0,0,0
Al Jawf,Khabb wa ash Sha'af,YE16,YE1601,91305,6036,1722,,,99063,0.197540507,0.06204132,0.117671177,0,0,43,43,13,13,25,25,NA,NA,NA,NA
Al Jawf,Al Humaydat,YE16,YE1602,15024,7146,1800,,,23970,0.032504776,0.073450509,0.12300123,0,0,7,12,16,16,26,26,NA,NA,NA,NA
Al Jawf,Al Matammah,YE16,YE1603,33369,17874,,,,51243,0.072194613,0.183718779,0,0,0,16,16,40,40,0,0,NA,NA,NA,NA
Al Jawf,Az Zahir,YE16,YE1604,30821,,1260,,,32081,0.066681956,0,0.086100861,0,0,14,14,0,0,18,18,NA,NA,NA,NA
Al Jawf,Al Hazm,YE16,YE1605,14147,10632,3870,,,28649,0.030607366,0.109281529,0.264452645,0,0,7,12,24,24,57,57,NA,NA,NA,NA
Al Jawf,Al Maton,YE16,YE1606,20429,22002,3300,,,45731,0.04419862,0.226148628,0.225502255,0,0,10,12,49,49,48,48,NA,NA,NA,NA
Al Jawf,Al Maslub,YE16,YE1607,10952,1566,,,,12518,0.023694909,0.016096207,0,0,0,5,12,4,15,0,0,NA,NA,NA,NA
Al Jawf,Al Ghayl,YE16,YE1608,2095,,240,,,2335,0.004532582,0,0.016400164,0,0,1,12,0,0,4,12,NA,NA,NA,NA
Al Jawf,Al Khalq,YE16,YE1609,5275,5664,,,,10939,0.011412586,0.0582177,0,0,0,3,12,13,13,0,0,NA,NA,NA,NA
Al Jawf,Bart Al Anan,YE16,YE1610,51873,17988,2442,,,72303,0.112228451,0.184890533,0.166871669,0,0,24,24,40,40,36,36,NA,NA,NA,NA
Al Jawf,Rajuzah,YE16,YE1611,101263,6090,,,,107353,0.219084873,0.062596361,0,0,0,47,47,14,14,0,0,NA,NA,NA,NA
Al Jawf,Kharab Al Marashi,YE16,YE1612,85656,2292,,,,87948,0.185318763,0.023558434,0,0,0,40,40,5,15,0,0,NA,NA,NA,NA
Hajjah,Bakil Al Mir,YE17,YE1701,30808,19290,,,,50098,0.0150238,0.055187449,0,0,0,3,12,12,12,0,0,NA,NA,NA,NA
Hajjah,Haradh,YE17,YE1702,94484,16878,,,,111743,0.046075978,0.048286872,0,0,0,10,18,10,10,0,0,NA,NA,NA,NA
Hajjah,Midi,YE17,YE1703,7682,5760,,,,13442,0.003746197,0.016478989,0,0,0,1,12,4,18,0,0,NA,NA,NA,NA
Hajjah,Abs,YE17,YE1704,144991,125064,38784,,,308839,0.070706174,0.357800055,1,0,0,15,15,77,77,216,216,NA,NA,NA,NA
Hajjah,Hayran,YE17,YE1705,3909,19584,,,,23493,0.001906259,0.056028564,0,0,0,0,12,12,12,0,0,NA,NA,NA,NA
Hajjah,Mustaba,YE17,YE1706,54938,31056,,,,85994,0.026791013,0.088849217,0,0,0,6,15,19,19,0,0,NA,NA,NA,NA
Hajjah,Kushar,YE17,YE1707,109610,4710,,,,114320,0.053452309,0.013475007,0,0,0,12,12,3,18,0,0,NA,NA,NA,NA
Hajjah,Al Jamimah,YE17,YE1708,61599,,,,,61599,0.03003931,0,0,0,0,7,18,0,0,0,0,NA,NA,NA,NA
Hajjah,Kuhlan Ash Sharaf,YE17,YE1709,66297,6174,,,,72471,0.032330332,0.017663417,0,0,0,7,18,4,18,0,0,NA,NA,NA,NA
Hajjah,Aflah Ash Shawm,YE17,YE1710,77914,2370,,,,80284,0.037995468,0.006780417,0,0,0,8,18,2,15,0,0,NA,NA,NA,NA
Hajjah,Khayran Al Muharraq,YE17,YE1711,103360,30012,,,,133372,0.05040444,0.0858624,0,0,0,11,11,19,19,0,0,NA,NA,NA,NA
Hajjah,Aslem,YE17,YE1712,75132,14202,,,,89334,0.0366388,0.040631008,0,0,0,8,18,9,20,0,0,NA,NA,NA,NA
Hajjah,Qafl Shamer,YE17,YE1713,76756,3084,,,,79840,0.037430759,0.008823126,0,0,0,8,18,2,15,0,0,NA,NA,NA,NA
Hajjah,Aflah Al Yaman,YE17,YE1714,57910,4218,,,,62128,0.028240336,0.012067427,0,0,0,6,18,3,15,0,0,NA,NA,NA,NA
Hajjah,Al Mahabishah,YE17,YE1715,76197,3228,,,,79425,0.037158157,0.0092351,0,0,0,8,18,2,15,0,0,NA,NA,NA,NA
Hajjah,Al Miftah,YE17,YE1716,48308,252,,,,48560,0.023557834,0.000720956,0,0,0,5,15,0,12,0,0,NA,NA,NA,NA
Hajjah,Al Maghrabah,YE17,YE1717,95422,,,,,95422,0.046533402,0,0,0,0,10,FALSE,0,0,0,0,NA,NA,NA,NA
Hajjah,Kuhlan Affar,YE17,YE1718,60510,582,,,,61092,0.029508249,0.001665065,0,0,0,6,18,0,12,0,0,NA,NA,NA,NA
Hajjah,Sharas,YE17,YE1719,23473,222,,,,23695,0.011446821,0.000635128,0,0,0,3,12,0,12,0,0,NA,NA,NA,NA
Hajjah,Mabyan,YE17,YE1720,76080,3450,,,,79530,0.037101101,0.009870228,0,0,0,8,18,2,15,0,0,NA,NA,NA,NA
Hajjah,Ash Shahil,YE17,YE1721,49435,204,,,,49639,0.024107425,0.000583631,0,0,0,5,15,0,10,0,0,NA,NA,NA,NA
Hajjah,Ku'aydinah,YE17,YE1722,103833,12318,,,,116151,0.050635103,0.035241005,0,0,0,11,11,8,20,0,0,NA,NA,NA,NA
Hajjah,Wadhrah,YE17,YE1723,15177,1248,,,,16425,0.007401201,0.003570448,0,0,0,2,12,1,12,0,0,NA,NA,NA,NA
Hajjah,Bani Qa'is,YE17,YE1724,79449,7308,,,,86757,0.038744024,0.020907718,0,0,0,8,18,5,18,0,0,NA,NA,NA,NA
Hajjah,Ash Shaghadirah,YE17,YE1725,73902,1374,,,,75276,0.03603898,0.003930926,0,0,0,8,18,1,15,0,0,NA,NA,NA,NA
Hajjah,Najrah,YE17,YE1726,53884,930,,,,54814,0.026277021,0.00266067,0,0,0,6,15,1,12,0,0,NA,NA,NA,NA
Hajjah,Bani Al Awam,YE17,YE1727,77810,,,,,77810,0.037944751,0,0,0,0,8,18,0,0,0,0,NA,NA,NA,NA
Hajjah,Hajjah City,YE17,YE1728,71319,21696,,,,93015,0.034779356,0.06207086,0,0,0,8,18,13,13,0,0,NA,NA,NA,NA
Hajjah,Hajjah,YE17,YE1729,41045,282,,,,41327,0.020015966,0.000806784,0,0,0,4,15,0,12,0,0,NA,NA,NA,NA
Hajjah,Washhah,YE17,YE1730,92950,4824,,,,97774,0.045327909,0.013801154,0,0,0,10,18,3,18,0,0,NA,NA,NA,NA
Hajjah,Qarah,YE17,YE1731,46429,9216,,,,55645,0.022641522,0.026366383,0,0,0,5,15,6,18,0,0,NA,NA,NA,NA
Al Hudaydah,Az Zuhrah,YE18,YE1801,217491,6552,,,,226453,0.083063446,0.023665561,0,0,0,18,18,5,18,0,0,0,0,NA,NA
Al Hudaydah,Alluheyah,YE18,YE1802,165074,6504,,,,171578,0.063044518,0.023492187,0,0,0,14,14,5,18,0,0,0,0,NA,NA
Al Hudaydah,Kamaran,YE18,YE1803,3695,234,,,,3929,0.001411182,0.000845199,0,0,0,0,12,0,12,0,0,0,0,NA,NA
Al Hudaydah,As Salif,YE18,YE1804,8929,600,,,,9529,0.003410134,0.002167176,0,0,0,1,12,1,12,0,0,0,0,NA,NA
Al Hudaydah,Al Munirah,YE18,YE1805,58054,3150,,,,61204,0.022171792,0.011377674,0,0,0,5,18,3,15,0,0,0,0,NA,NA
Al Hudaydah,Al Qanawis,YE18,YE1806,113132,5964,,,,119096,0.043207,0.021541729,0,0,0,9,20,5,18,0,0,0,0,NA,NA
Al Hudaydah,Az Zaydiyah,YE18,YE1807,148113,5646,,,,153759,0.056566829,0.020393126,0,0,0,12,12,4,18,0,0,0,0,NA,NA
Al Hudaydah,Al Mighlaf,YE18,YE1808,60138,1008,,,,61146,0.022967707,0.003640856,0,0,0,5,18,1,12,0,0,0,0,NA,NA
Al Hudaydah,Ad Dahi,YE18,YE1809,84116,15702,,,,99818,0.032125305,0.056714995,0,0,0,7,18,12,12,0,0,0,0,NA,NA
Al Hudaydah,Bajil,YE18,YE1810,250982,11946,,,,262928,0.095854218,0.043148473,0,0,0,21,21,9,20,0,0,0,0,NA,NA
Al Hudaydah,Al Hajjaylah,YE18,YE1811,15181,1482,,,,16663,0.005797877,0.005352925,0,0,0,1,12,1,15,0,0,0,0,NA,NA
Al Hudaydah,Bura,YE18,YE1812,70163,4458,,,,74621,0.026796422,0.016102117,0,0,0,6,18,4,15,0,0,0,0,NA,NA
Al Hudaydah,Al Marawi'ah,YE18,YE1813,200811,38004,,,,238815,0.076693075,0.137268925,0,0,0,17,17,30,30,0,0,0,0,NA,NA
Al Hudaydah,Ad Durayhimi,YE18,YE1814,12489,3336,,,,15825,0.004769758,0.012049498,0,0,0,1,12,3,15,0,0,0,0,NA,NA
Al Hudaydah,As Sukhnah,YE18,YE1815,92652,32418,,,,125070,0.035385346,0.117092517,0,0,0,8,18,25,25,0,0,0,0,NA,NA
Al Hudaydah,Al Mansuriyah,YE18,YE1816,69418,26970,,,,96388,0.026511894,0.097414559,0,0,0,6,18,21,21,0,0,0,0,NA,NA
Al Hudaydah,Bayt Al Faqiah,YE18,YE1817,357174,41652,3870,,,402696,0.136410716,0.150445355,0.805243446,0,0,30,30,33,33,168,168,0,0,NA,NA
Al Hudaydah,Jabal Ra's,YE18,YE1818,69573,2184,546,,,72303,0.026571091,0.00788852,0.11360799,0,0,6,18,2,15,24,24,0,0,NA,NA
Al Hudaydah,Hays,YE18,YE1819,35959,,,,,35959,0.013733343,0,0,0,0,3,15,0,0,0,0,0,0,NA,NA
Al Hudaydah,Al Khawkhah,YE18,YE1820,12257,,,456,,13407,0.004681153,0,0,1,0,1,12,0,0,0,0,152,152,NA,NA
Al Hudaydah,Al Hawak,YE18,YE1821,63854,6492,,,,70346,0.024386909,0.023448844,0,0,0,5,18,5,18,0,0,0,0,NA,NA
Al Hudaydah,Al Mina,YE18,YE1822,32566,564,,,,33130,0.012437499,0.002037145,0,0,0,3,15,0,12,0,0,0,0,NA,NA
Al Hudaydah,Al Hali,YE18,YE1823,57388,3474,,,,60862,0.021917436,0.012547949,0,0,0,5,18,3,15,0,0,0,0,NA,NA
Al Hudaydah,Zabid,YE18,YE1824,234000,49170,,,,283170,0.089368508,0.177600069,0,0,0,19,19,38,38,0,0,0,0,NA,NA
Al Hudaydah,Al Garrahi,YE18,YE1825,112526,8064,,,,120590,0.042975559,0.029126845,0,0,0,9,20,6,18,0,0,0,0,NA,NA
Al Hudaydah,At Tuhayat,YE18,YE1826,72637,1284,390,,,74311,0.027741284,0.004637757,0.081148564,0,0,6,18,1,15,17,17,0,0,NA,NA
Hadramaut,Rumah,YE19,YE1901,9636,222,,8984,,11317,0.006627892,0.012563667,0,0.927524262,0,1,12,3,12,0,0,198,198,NA,NA
Hadramaut,Thamud,YE19,YE1902,6663,204,,,,7294,0.004582985,0.011544992,0,0,0,1,12,3,10,0,0,0,0,NA,NA
Hadramaut,Al Qaf,YE19,YE1903,3300,,,,,3840,0.002269826,0,0,0,0,1,12,0,0,0,0,0,0,NA,NA
Hadramaut,Zamakh wa Manwakh,YE19,YE1904,2273,,,,,2662,0.001563429,0,0,0,0,0,12,0,0,0,0,0,0,NA,NA
Hadramaut,Hagr As Sai'ar,YE19,YE1905,3809,,,,,4374,0.002619929,0,0,0,0,1,12,0,0,0,0,0,0,NA,NA
Hadramaut,Al Abr,YE19,YE1906,4313,4428,,,,8741,0.002966594,0.250594228,0,0,0,1,12,54,54,0,0,0,0,NA,NA
Hadramaut,Al Qatn,YE19,YE1907,97682,354,,,,98036,0.067188222,0.020033956,0,0,0,15,15,4,12,0,0,0,0,NA,NA
Hadramaut,Shibam,YE19,YE1908,74968,942,,,,75910,0.051564942,0.053310696,0,0,0,11,11,11,11,0,0,0,0,NA,NA
Hadramaut,Sah,YE19,YE1909,35756,,,,,35756,0.024593908,0,0,0,0,5,15,0,0,0,0,0,0,NA,NA
Hadramaut,Sayun,YE19,YE1910,155688,3390,,,,159671,0.107086259,0.191850594,0,0,0,23,23,41,41,0,0,0,0,NA,NA
Hadramaut,Tarim,YE19,YE1911,153751,1680,,,,155884,0.10575394,0.095076401,0,0,0,23,23,20,20,0,0,0,0,NA,NA
Hadramaut,As Sawm,YE19,YE1912,19258,,,,,19258,0.013246154,0,0,0,0,3,12,0,0,0,0,0,0,NA,NA
Hadramaut,Ar Raydah Wa Qusayar,YE19,YE1913,65512,696,2832,,,69596,0.045060859,0.039388795,0.078666667,0,0,10,18,8,12,17,17,0,0,NA,NA
Hadramaut,Ad Dis,YE19,YE1914,35140,,528,,,36273,0.024170207,0,0.014666667,0,0,5,15,0,0,3,12,0,0,NA,NA
Hadramaut,Ash Shihr,YE19,YE1915,104145,222,8280,,,113781,0.071633642,0.012563667,0.23,0,0,16,16,3,12,50,50,0,0,NA,NA
Hadramaut,Ghayl Bin Yamin,YE19,YE1916,42312,,,,,42312,0.029103295,0,0,0,0,6,15,0,0,0,0,0,0,NA,NA
Hadramaut,Ghayl Ba Wazir,YE19,YE1917,74340,354,480,,,75457,0.051132987,0.020033956,0.013333333,0,0,11,11,4,12,3,12,0,0,NA,NA
Hadramaut,Daw'an,YE19,YE1918,66911,,,,,66911,0.046023127,0,0,0,0,10,18,0,0,0,0,0,0,NA,NA
Hadramaut,Wadi Al Ayn,YE19,YE1919,43089,,,,,43089,0.029637736,0,0,0,0,6,15,0,0,0,0,0,0,NA,NA
Hadramaut,Rakhyah,YE19,YE1920,13062,,,,,13062,0.008984384,0,0,0,0,2,12,0,0,0,0,0,0,NA,NA
Hadramaut,Amd,YE19,YE1921,30304,,,,,30304,0.02084388,0,0,0,0,5,12,0,0,0,0,0,0,NA,NA
Hadramaut,Adh Dhlia'ah,YE19,YE1922,27976,,,,,27976,0.019242621,0,0,0,0,4,12,0,0,0,0,0,0,NA,NA
Hadramaut,Yabuth,YE19,YE1923,15023,,,,,15023,0.01033321,0,0,0,0,2,12,0,0,0,0,0,0,NA,NA
Hadramaut,Hajr,YE19,YE1924,38872,,,,,39193,0.026737173,0,0,0,0,6,15,0,0,0,0,0,0,NA,NA
Hadramaut,Brom Mayfa,YE19,YE1925,12190,,14202,,,26392,0.008384599,0,0.3945,0,0,2,12,0,0,85,85,0,0,NA,NA
Hadramaut,Al Mukalla,YE19,YE1926,20927,1050,420,,,34153,0.014394135,0.05942275,0.011666667,0,0,3,12,13,13,3,12,0,0,NA,NA
Hadramaut,Al Mukalla City,YE19,YE1927,268404,4128,9258,702,,291694,0.184615258,0.233616299,0.257166667,0.072475738,0,40,40,50,50,55,55,15,15,NA,NA
Hadramaut,Huraidhah,YE19,YE1928,28552,,,,,28552,0.019638809,0,0,0,0,4,12,0,0,0,0,0,0,NA,NA
Dhamar,Al Hada,YE20,YE2001,218284,5622,,,,224130,0.111530823,0.030715269,0,0,0,24,24,7,18,0,0,0,0,NA,NA
Dhamar,Jahran,YE20,YE2002,130415,8484,,,,138899,0.066634716,0.046351537,0,0,0,14,14,10,18,0,0,0,0,NA,NA
Dhamar,Jabal Ash sharq,YE20,YE2003,93472,7092,,,,100564,0.047758925,0.038746476,0,0,0,10,10,8,18,0,0,0,0,NA,NA
Dhamar,Maghirib Ans,YE20,YE2004,79901,6108,,,,86009,0.040824908,0.033370484,0,0,0,9,18,7,18,0,0,0,0,NA,NA
Dhamar,Utmah,YE20,YE2005,193313,24882,24924,,,243119,0.098772049,0.135940471,0.738095238,0,0,21,21,29,29,159,159,0,0,NA,NA
Dhamar,Wusab Al Ali,YE20,YE2006,247777,27360,,,,275137,0.126600084,0.149478791,0,0,0,27,27,32,32,0,0,0,0,NA,NA
Dhamar,Wusab As Safil,YE20,YE2007,224811,38334,,,,263145,0.114865752,0.20943421,0,0,0,25,25,45,45,0,0,0,0,NA,NA
Dhamar,Dhamar City,YE20,YE2008,238369,47298,8172,222,,293839,0.121793126,0.258408182,0.242004264,1,0,26,26,56,56,52,52,116,116,NA,NA
Dhamar,Mayfa'at Anss,YE20,YE2009,92374,1866,,,,94240,0.047197908,0.010194716,0,0,0,10,10,2,15,0,0,0,0,NA,NA
Dhamar,Anss,YE20,YE2010,180592,3438,,,,184030,0.092272335,0.01878319,0,0,0,20,20,4,15,0,0,0,0,NA,NA
Dhamar,Dawran Aness,YE20,YE2011,182832,8622,672,,,192126,0.093416849,0.047105487,0.019900498,0,0,20,20,10,10,4,12,0,0,NA,NA
Dhamar,Al Manar,YE20,YE2012,75023,3930,,,,78953,0.038332525,0.021471186,0,0,0,8,18,5,15,0,0,0,0,NA,NA
Shabwah,Dhar,YE21,YE2101,12832,,450,,,13282,0.023122346,0,0.005579942,0,0,5,12,0,0,1,12,NA,NA,NA,NA
Shabwah,Al Talh,YE21,YE2102,12490,468,582,,,13540,0.022506086,0.026512576,0.007216725,0,0,5,12,6,12,2,12,NA,NA,NA,NA
Shabwah,Jardan,YE21,YE2103,22758,276,,,,23034,0.041008287,0.015635622,0,0,0,9,12,3,12,0,0,NA,NA,NA,NA
Shabwah,Arma,YE21,YE2104,14258,,,,,14258,0.025691895,0,0,0,0,6,12,0,0,0,0,NA,NA,NA,NA
Shabwah,Usaylan,YE21,YE2105,32802,2106,2196,,,37104,0.059106856,0.119306594,0.027230117,0,0,13,13,26,26,6,15,NA,NA,NA,NA
Shabwah,Ain,YE21,YE2106,30713,1446,240,,,32399,0.055342628,0.081917063,0.002975969,0,0,12,12,18,18,1,12,NA,NA,NA,NA
Shabwah,Bayhan,YE21,YE2107,59541,2310,3252,,,65103,0.10728862,0.130863358,0.040324381,0,0,23,23,28,28,9,18,NA,NA,NA,NA
Shabwah,Merkhah Al Ulya,YE21,YE2108,45032,438,,,,45470,0.081144441,0.024813052,0,0,0,18,18,5,12,0,0,NA,NA,NA,NA
Shabwah,Merkhah As Sufla,YE21,YE2109,56753,1260,,,,58013,0.102264844,0.071380014,0,0,0,22,22,15,15,0,0,NA,NA,NA,NA
Shabwah,Nisab,YE21,YE2110,52543,606,6468,,,59617,0.094678725,0.034330387,0.080202366,0,0,21,21,7,12,17,17,NA,NA,NA,NA
Shabwah,Hatib,YE21,YE2111,18574,222,,,,18796,0.033469019,0.012576479,0,0,0,7,12,3,12,0,0,NA,NA,NA,NA
Shabwah,As Said,YE21,YE2112,34125,654,14334,,,49113,0.061490807,0.037049626,0.177739752,0,0,13,13,8,12,38,38,NA,NA,NA,NA
Shabwah,Ataq,YE21,YE2113,9145,5304,38922,,,53959,0.016478635,0.300475867,0.482627781,0,0,4,12,64,64,104,104,NA,NA,NA,NA
Shabwah,Habban,YE21,YE2114,41280,906,,,,42186,0.074383605,0.051325629,0,0,0,16,16,11,11,0,0,NA,NA,NA,NA
Shabwah,Ar Rawdah,YE21,YE2115,38423,324,,,,38747,0.069235496,0.018354861,0,0,0,15,15,4,12,0,0,NA,NA,NA,NA
Shabwah,Mayfa'a,YE21,YE2116,48724,942,8016,,,58989,0.087797161,0.053365058,0.099397366,0,0,19,19,11,11,22,22,NA,NA,NA,NA
Shabwah,Rudum,YE21,YE2117,24968,390,6186,,,31544,0.044990549,0.022093814,0.076705602,0,0,10,12,5,12,17,17,NA,NA,NA,NA
Sa'ada,Baqim,YE22,YE2201,1878,,,,165,2255,0.002848255,0,0,0,0.010175763,1,12,0,0,0,0,0,0,2.2,12
Sa'ada,Qatabir,YE22,YE2202,26726,546,,,2000,29703,0.040533798,0.004292453,0,0,0.123342584,9,12,1,12,0,0,0,0,26.4,26
Sa'ada,Monabbih,YE22,YE2203,72700,,,,13250,86210,0.110259937,0,0,0,0.817144619,24,24,0,0,0,0,0,0,174.9,175
Sa'ada,Ghamr,YE22,YE2204,25794,,,,,25794,0.039120286,0,0,0,0,8,12,0,0,0,0,0,0,0,0
Sa'ada,Razih,YE22,YE2205,42219,1092,1404,,,44715,0.064031146,0.008584906,0.087903832,0,0,14,14,2,12,19,19,0,0,0,0
Sa'ada,Shada'a,YE22,YE2206,6094,,,,,6094,0.009242422,0,0,0,0,2,12,0,0,0,0,0,0,0,0
Sa'ada,Al Dhaher,YE22,YE2207,23693,,,,,23693,0.03593382,0,0,0,0,8,12,0,0,0,0,0,0,0,0
Sa'ada,Haydan,YE22,YE2208,35541,,,,,35541,0.053903005,0,0,0,0,12,12,0,0,0,0,0,0,0,0
Sa'ada,Saqayn,YE22,YE2209,37890,330,3786,,,42006,0.057465599,0.00259434,0.23703982,0,0,12,12,1,12,51,51,0,0,0,0
Sa'ada,Majz,YE22,YE2210,80533,8124,1842,,,90499,0.122139801,0.063867925,0.115326822,0,0,26,26,14,14,25,25,0,0,0,0
Sa'ada,Sahar,YE22,YE2211,190538,35466,3912,,,229916,0.288978101,0.278820755,0.244928625,0,0,62,62,60,60,52,52,0,0,0,0
Sa'ada,As Safra,YE22,YE2212,68733,18990,4074,,,91797,0.104243415,0.149292453,0.255071375,0,0,23,23,32,32,55,55,0,0,0,0
Sa'ada,Al Hashwah,YE22,YE2213,11062,3312,366,,,14740,0.016777104,0.026037736,0.022915101,0,0,4,12,6,15,5,12,0,0,0,0
Sa'ada,Kitaf wa Al Boqe'e,YE22,YE2214,30888,660,588,,,32136,0.046846065,0.005188679,0.036814425,0,0,10,FALSE,1,12,8,12,0,0,0,0
Sa'ada,Sa'adah,YE22,YE2215,5062,58680,,105,800,64542,0.007677246,0.461320755,0,1,0.049337034,2,12,100,100,0,0,76,76,10.6,11
Sana'a,Hamdan,YE23,YE2301,155412,4224,,,,160323,0.110190173,0.115334207,0,0,0,24,24,25,25,0,0,0,0,NA,NA
Sana'a,Arhab,YE23,YE2302,89302,1488,,,,91724,0.063316879,0.040629096,0,0,0,14,14,9,15,0,0,0,0,NA,NA
Sana'a,Nihm,YE23,YE2303,44782,,,,,44782,0.031751321,0,0,0,0,7,15,0,0,0,0,0,0,NA,NA
Sana'a,Bani Hushaysh,YE23,YE2304,88713,22212,,,,110925,0.062899267,0.606487549,0,0,0,14,14,130,130,0,0,0,0,NA,NA
Sana'a,Sanhan,YE23,YE2305,348421,4416,1446,528,,354527,0.247037361,0.120576671,0.509513742,1,0,53,53,26,26,103,103,159,159,NA,NA
Sana'a,Bilad Ar Rus,YE23,YE2306,38994,,,,,38994,0.027647515,0,0,0,0,6,15,0,0,0,0,0,0,NA,NA
Sana'a,Bani Matar,YE23,YE2307,124266,1548,504,,,126318,0.088107045,0.042267366,0.177589852,0,0,19,19,9,15,36,36,0,0,NA,NA
Sana'a,Al Haymah Ad Dakhiliyah,YE23,YE2308,105394,,,,,105394,0.074726425,0,0,0,0,16,16,0,0,0,0,0,0,NA,NA
Sana'a,Al Haymah Al Kharijiyah,YE23,YE2309,74503,,,,,74503,0.052824096,0,0,0,0,11,11,0,0,0,0,0,0,NA,NA
Sana'a,Manakhah,YE23,YE2310,100823,1332,,,,102155,0.071485496,0.036369594,0,0,0,15,15,8,15,0,0,0,0,NA,NA
Sana'a,Sa'fan,YE23,YE2311,42284,1170,,,,43454,0.02998019,0.031946265,0,0,0,7,15,7,12,0,0,0,0,NA,NA
Sana'a,Khwlan,YE23,YE2312,29704,,276,,,29980,0.021060722,0,0.097251586,0,0,5,12,0,0,20,20,0,0,NA,NA
Sana'a,Attyal,YE23,YE2313,45471,,612,,,46083,0.032239836,0,0.21564482,0,0,7,15,0,0,44,44,0,0,NA,NA
Sana'a,Bani Dhabyan,YE23,YE2314,20901,,,,,20901,0.014819221,0,0,0,0,3,12,0,0,0,0,0,0,NA,NA
Sana'a,Al Husn,YE23,YE2315,38116,,,,,38116,0.027024996,0,0,0,0,6,15,0,0,0,0,0,0,NA,NA
Sana'a,Jihanah,YE23,YE2316,63312,234,,,,63546,0.044889457,0.006389253,0,0,0,10,18,1,12,0,0,0,0,NA,NA
Aden,Dar Sad,YE24,YE2401,121344,12906,10416,51641,350,148409,0.186363392,0.220570139,0.036501262,0.966553118,0.411764706,40,40,48,48,8,20,209,209,72.5,73
Aden,Ash Shaikh Outhman,YE24,YE2402,167863,8124,,1202,500,176487,0.257808528,0.138843314,0,0.022497567,0.588235294,56,56,30,30,0,0,5,18,103.5,104
Aden,Al Mansura,YE24,YE2403,165834,2172,2562,207,,170982,0.254692335,0.037120591,0.008978133,0.003874373,0,55,55,8,15,2,15,1,12,0,0
Aden,Al Buraiqeh,YE24,YE2404,92133,23214,14946,108,,130810,0.141500349,0.39673913,0.052375946,0.002021412,0,31,31,86,86,11,11,0,12,0,0
Aden,Attawahi,YE24,YE2405,15856,3912,71676,,,92280,0.024352073,0.06685808,0.25117746,0,0,5,12,14,14,54,54,0,0,0,0
Aden,Al Mualla,YE24,YE2406,10798,1596,68238,101,,82519,0.01658386,0.027276456,0.239129521,0.001890395,0,4,12,6,15,52,52,0,10,0,0
Aden,Craiter,YE24,YE2407,42786,5148,81618,,,130931,0.065711894,0.087981952,0.286017662,0,0,14,14,19,19,62,62,0,0,0,0
Aden,Khur Maksar,YE24,YE2408,34501,1440,35904,169,,73654,0.052987567,0.024610336,0.125820017,0.003163135,0,11,11,5,15,27,27,1,12,0,0
Lahj,Al Had,YE25,YE2501,74630,2682,,,,77312,0.080927012,0.045486924,0,0,0,18,18,10,15,0,0,0,0,0,0
Lahj,Yafa'a,YE25,YE2502,104322,390,,,,104712,0.113124316,0.00661443,0,0,0,24,24,1,12,0,0,0,0,0,0
Lahj,Al Maflahy,YE25,YE2503,54437,1122,,,,55559,0.059030199,0.019029205,0,0,0,13,13,4,12,0,0,0,0,0,0
Lahj,Yahr,YE25,YE2504,52894,510,,,,53404,0.057357006,0.008649639,0,0,0,12,12,2,12,0,0,0,0,0,0
Lahj,Habil Jabr,YE25,YE2505,59245,246,,,,59491,0.064243881,0.004172179,0,0,0,14,14,1,12,0,0,0,0,0,0
Lahj,Halimayn,YE25,YE2506,39627,336,,,,39963,0.042970584,0.005698586,0,0,0,9,15,1,12,0,0,0,0,0,0
Lahj,Radfan,YE25,YE2507,61067,990,,,,62057,0.066219614,0.016790475,0,0,0,14,14,4,12,0,0,0,0,0,0
Lahj,Al Milah,YE25,YE2508,38954,714,426,,,40094,0.042240799,0.012109494,0.008836708,0,0,9,15,3,12,2,12,0,0,0,0
Lahj,Al Musaymir,YE25,YE2509,31145,894,5400,,,37439,0.033772903,0.015162308,0.112014603,0,0,7,15,3,12,24,24,0,0,0,0
Lahj,Al Qabbaytah,YE25,YE2510,106438,4878,2316,,,113632,0.115418857,0.082731251,0.048041819,0,0,25,25,18,18,10,10,0,0,0,0
Lahj,Tur Al Bahah,YE25,YE2511,60900,2934,,,,64075,0.066038524,0.049760863,0,0,0,14,14,11,11,0,0,0,0,0,0
Lahj,Al Maqatirah,YE25,YE2512,73682,9204,,,,82886,0.079899023,0.156100539,0,0,0,17,17,34,34,0,0,0,0,0,0
Lahj,Al Madaribah Wa Al Arah,YE25,YE2513,55128,7446,2880,8682,150,76398,0.059779503,0.126284726,0.059741122,1,1,13,13,27,27,13,13,212,212,95,95
Lahj,Al  Hawtah,YE25,YE2514,,1482,27496,,,29305,0,0.025134833,0.570361766,0,0,0,0,5,15,123,123,0,0,0,0
Lahj,Tuban,YE25,YE2515,109720,25134,9690,,,161245,0.11897778,0.42627455,0.201003983,0,0,26,26,92,92,43,43,0,0,0,0
Marib,Majzar,YE26,YE2601,1400,19440,5622,,,26462,0.006662225,0.112888053,0.514034927,0,0,1,12,24,24,110,110,NA,NA,0,0
Marib,Raghwan,YE26,YE2602,490,2358,,,,2848,0.002331779,0.013692903,0,0,0,1,10,3,15,0,0,NA,NA,0,0
Marib,Medghal,YE26,YE2603,848,,,,,848,0.004035405,0,0,0,0,1,12,0,0,0,0,NA,NA,0,0
Marib,Harib Al Qaramish,YE26,YE2604,3576,2934,,,,6510,0.017017227,0.017037734,0,0,0,4,12,4,15,0,0,NA,NA,0,0
Marib,Bidbadah,YE26,YE2605,25381,684,,,,26065,0.120781384,0.003971987,0,0,0,26,26,1,12,0,0,NA,NA,0,0
Marib,Sirwah,YE26,YE2606,,558,,,,558,0,0.003240305,0,0,0,0,0,1,12,0,0,NA,NA,0,0
Marib,Al Jubah,YE26,YE2607,30024,5220,,,,35244,0.142876178,0.030312533,0,0,0,31,31,7,18,0,0,NA,NA,0,0
Marib,Rahabah,YE26,YE2608,10811,5382,,,,16193,0.051446655,0.031253266,0,0,0,11,11,7,18,0,0,NA,NA,0,0
Marib,Harib,YE26,YE2609,47285,9036,390,,,56711,0.225016656,0.052472039,0.035658773,0,0,49,49,11,11,8,12,NA,NA,0,0
Marib,Mahliyah,YE26,YE2610,13306,11466,,,,24772,0.063319692,0.066583046,0,0,0,14,14,14,14,0,0,NA,NA,0,0
Marib,Al Abdiyah,YE26,YE2611,18436,2160,,,,20596,0.087731988,0.012543117,0,0,0,19,19,3,15,0,0,NA,NA,0,0
Marib,Marib City,YE26,YE2612,,75960,4925,,,81116,0,0.441099613,0.4503063,0,0,0,0,95,95,96,96,NA,NA,0,0
Marib,Marib,YE26,YE2613,43857,31644,,,4030,80111,0.208703721,0.183756664,0,0,1,45,45,40,40,0,0,NA,NA,206,206
Marib,Jabal Murad,YE26,YE2614,14726,5364,,,,20090,0.070077091,0.03114874,0,0,0,15,15,7,18,0,0,NA,NA,0,0
Al Mahwit,Shibam Kawkaban,YE27,YE2701,52253,2706,1140,,,56099,0.072362453,0.053102555,1,0,0,16,16,12,12,185,185,NA,NA,NA,NA
Al Mahwit,At Tawilah,YE27,YE2702,86310,1134,,,,87444,0.119526216,0.022253621,0,0,0,26,26,5,12,0,0,NA,NA,NA,NA
Al Mahwit,Ar Rujum,YE27,YE2703,110611,3126,,,,113737,0.153179403,0.061344637,0,0,0,33,33,13,13,0,0,NA,NA,NA,NA
Al Mahwit,Al Khabt,YE27,YE2704,94411,11250,,,,105661,0.130744868,0.220770046,0,0,0,28,28,48,48,0,0,NA,NA,NA,NA
Al Mahwit,Milhan,YE27,YE2705,132271,6654,,,,138925,0.183175207,0.130578123,0,0,0,40,40,28,28,0,0,NA,NA,NA,NA
Al Mahwit,Hufash,YE27,YE2706,55985,3096,,,,59081,0.077530706,0.060755917,0,0,0,17,17,13,13,0,0,NA,NA,NA,NA
Al Mahwit,Bani Sa'd,YE27,YE2707,87052,11334,,,,98386,0.120553773,0.222418462,0,0,0,26,26,48,48,0,0,NA,NA,NA,NA
Al Mahwit,Al Mahwait City,YE27,YE2708,29584,5016,,,,34600,0.040969338,0.098434004,0,0,0,9,12,21,21,0,0,NA,NA,NA,NA
Al Mahwit,Al Mahwait,YE27,YE2709,73624,6642,,,,80266,0.101958036,0.130342635,0,0,0,22,22,28,28,0,0,NA,NA,NA,NA
Al Maharah,Shahan,YE28,YE2801,5713,,,2107,,6137,0.044622703,0,0,1,0,10,12,0,0,0,0,199,199,NA,NA
Al Maharah,Hat,YE28,YE2802,5121,,,,,5121,0.03999875,0,0,0,0,9,12,0,0,0,0,0,0,NA,NA
Al Maharah,Hawf,YE28,YE2803,9152,,,,,9152,0.071483804,0,0,0,0,15,15,0,0,0,0,0,0,NA,NA
Al Maharah,Al Ghaydah,YE28,YE2804,33145,6408,,,,41626,0.258886658,0.768898488,0,0,0,56,56,163,163,0,0,0,0,NA,NA
Al Maharah,Man'ar,YE28,YE2805,9602,,,,,9602,0.074998633,0,0,0,0,16,16,0,0,0,0,0,0,NA,NA
Al Maharah,Al Masilah,YE28,YE2806,8504,,9666,,,18170,0.066422451,0,0.767874166,0,0,14,14,0,0,164,164,0,0,NA,NA
Al Maharah,Sayhut,YE28,YE2807,16165,384,2922,,,20049,0.126260457,0.046076314,0.232125834,0,0,27,27,10,12,50,50,0,0,NA,NA
Al Maharah,Qishn,YE28,YE2808,20203,1122,,,,21896,0.157800186,0.13462923,0,0,0,34,34,29,29,0,0,0,0,NA,NA
Al Maharah,Huswain,YE28,YE2809,20424,420,,,,22289,0.159526357,0.050395968,0,0,0,35,35,11,11,0,0,0,0,NA,NA
Amran,Harf Sufyan,YE29,YE2901,45977,10242,,,,56219,0.044542724,0.065912426,0,0,0,10,15,14,14,0,0,NA,NA,NA,NA
Amran,Huth,YE29,YE2902,26728,8190,,,,34918,0.025894207,0.052706773,0,0,0,6,12,11,11,0,0,NA,NA,NA,NA
Amran,Al Ashah,YE29,YE2903,53588,2484,,,,56072,0.051916295,0.01598579,0,0,0,11,11,4,15,0,0,NA,NA,NA,NA
Amran,Al Qaflah,YE29,YE2904,42155,5262,2016,,,49433,0.040839953,0.033863619,0.139476961,0,0,9,15,7,18,30,30,NA,NA,NA,NA
Amran,Shaharah,YE29,YE2905,52741,8028,,,,60769,0.051095718,0.051664221,0,0,0,11,11,11,11,0,0,NA,NA,NA,NA
Amran,Al Madan,YE29,YE2906,32686,3984,,,,36670,0.031666344,0.025639045,0,0,0,7,15,6,15,0,0,NA,NA,NA,NA
Amran,Suwayr,YE29,YE2907,25285,5316,,,,30601,0.024496222,0.034211136,0,0,0,5,12,7,18,0,0,NA,NA,NA,NA
Amran,Habur Zulaymah,YE29,YE2908,47573,3768,,,,51341,0.046088936,0.024248977,0,0,0,10,15,5,15,0,0,NA,NA,NA,NA
Amran,Dhi Bin,YE29,YE2909,38007,4740,,,,42747,0.036821352,0.030504286,0,0,0,8,15,7,18,0,0,NA,NA,NA,NA
Amran,Kharif,YE29,YE2910,55953,8022,,,,63975,0.054207518,0.051625608,0,0,0,12,12,11,11,0,0,NA,NA,NA,NA
Amran,Raydah,YE29,YE2911,56866,7830,,,,64696,0.055092036,0.050389992,0,0,0,12,12,11,11,0,0,NA,NA,NA,NA
Amran,Jabal Iyal Yazid,YE29,YE2912,102747,15762,216,,,118725,0.099541755,0.101436404,0.01494396,0,0,22,22,22,22,3,10,NA,NA,NA,NA
Amran,As Sudah,YE29,YE2913,39076,3060,,,,42136,0.037857004,0.01969264,0,0,0,8,15,4,15,0,0,NA,NA,NA,NA
Amran,As Sawd,YE29,YE2914,31703,1224,,,,32927,0.030714009,0.007877056,0,0,0,7,15,2,12,0,0,NA,NA,NA,NA
Amran,Amran,YE29,YE2915,91891,32628,12222,,,136741,0.089024414,0.209977604,0.845579078,0,0,19,19,45,45,181,181,NA,NA,NA,NA
Amran,Maswar,YE29,YE2916,46084,5748,,,,51832,0.044646386,0.036991273,0,0,0,10,15,8,18,0,0,NA,NA,NA,NA
Amran,Thula,YE29,YE2917,49486,3396,,,,52882,0.047942259,0.021854969,0,0,0,10,10,5,15,0,0,NA,NA,NA,NA
Amran,Iyal Surayh,YE29,YE2918,65127,6078,,,,71205,0.06309533,0.03911499,0,0,0,14,14,8,18,0,0,NA,NA,NA,NA
Amran,Khamir,YE29,YE2919,88607,15408,,,,104015,0.08584286,0.099158236,0,0,0,19,19,21,21,0,0,NA,NA,NA,NA
Amran,Bani Suraim,YE29,YE2920,39920,4218,,,,44138,0.038674675,0.027144953,0,0,0,8,15,6,15,0,0,NA,NA,NA,NA
Al Dhale'e,Juban,YE30,YE3001,67293,1896,,,,69189,0.095412222,0.062180244,0,0,0,21,21,13,13,0,0,NA,NA,NA,NA
Al Dhale'e,Damt,YE30,YE3002,83339,5232,5142,,,93713,0.118163244,0.17158599,0.161881375,0,0,26,26,37,37,35,35,NA,NA,NA,NA
Al Dhale'e,Qa'atabah,YE30,YE3003,139838,5220,3834,,,148892,0.198271058,0.171192444,0.120702682,0,0,43,43,37,37,26,26,NA,NA,NA,NA
Al Dhale'e,Ash Shu'ayb,YE30,YE3004,60965,762,,,,61727,0.086439988,0.024990161,0,0,0,19,19,5,12,0,0,NA,NA,NA,NA
Al Dhale'e,Al Hussein,YE30,YE3005,48801,2250,7146,,,58197,0.069193109,0.073789847,0.224971666,0,0,15,15,16,16,48,48,NA,NA,NA,NA
Al Dhale'e,Ad Dhale'e,YE30,YE3006,111808,4620,15642,,,132070,0.158528372,0.151515152,0.492444277,0,0,34,34,33,33,106,106,NA,NA,NA,NA
Al Dhale'e,Jahaf,YE30,YE3007,37287,2964,,,,40251,0.05286784,0.097205824,0,0,0,11,11,21,21,0,0,NA,NA,NA,NA
Al Dhale'e,Al Azariq,YE30,YE3008,57679,3558,,,,61237,0.081780892,0.116686344,0,0,0,18,18,25,25,0,0,NA,NA,NA,NA
Al Dhale'e,Al Husha,YE30,YE3009,98277,3990,,,,102267,0.139343274,0.130853994,0,0,0,30,30,28,28,0,0,NA,NA,NA,NA
Raymah,Bilad At Ta'am,YE31,YE3101,47240,5706,,,,52946,0.07952862,0.108178819,0,0,0,17,17,23,23,NA,NA,NA,NA,NA,NA
Raymah,As Salafiyah,YE31,YE3102,108905,6678,,,,115583,0.183341751,0.126606757,0,0,0,40,40,27,27,NA,NA,NA,NA,NA,NA
Raymah,Al Jabin,YE31,YE3103,122824,13518,,,,136342,0.206774411,0.256284837,0,0,0,45,45,55,55,NA,NA,NA,NA,NA,NA
Raymah,Mazhar,YE31,YE3104,112106,8274,,,,120380,0.18873064,0.156864976,0,0,0,41,41,34,34,NA,NA,NA,NA,NA,NA
Raymah,Kusmah,YE31,YE3105,105759,1506,,,,107265,0.178045455,0.028551928,0,0,0,39,39,6,15,NA,NA,NA,NA,NA,NA
Raymah,Al Jafariyah,YE31,YE3106,97166,17064,,,,114230,0.163579125,0.323512683,0,0,0,35,35,70,70,NA,NA,NA,NA,NA,NA
Socotra,Hidaybu,YE32,YE3201,47392,,2466,,,49858,0.783481294,#DIV/0!,0.798058252,0,0,169,169,NA,NA,163,163,NA,NA,NA,NA
Socotra,Qulensya Wa Abd Al Kuri,YE32,YE3202,13097,,624,,,13721,0.216518706,#DIV/0!,0.201941748,0,0,47,47,NA,NA,41,41,NA,NA,NA,NA
,,,,,,,,,,,,,,,4752,6092,4524,6204,4450,4690,1988,2109,1168,1178
