location,IDPs,Migrants,Host,Refugee,Returnee,Total
YE12092212600,15,,,,,15
YE12012300101,15,,,,,15
YE12012414500,,,5,,,5
YE12012319500,,,5,,,5
YE12012120900,,,5,,,5
YE12082115600,,,5,,,5
YE12082217600,,,5,,,5
YE12082123800,,,5,,,5
YE12082220100,5,,,,,5
YE12082100100,10,,,,5,15
YE12082113000,,,,,10,10
YE12032112800,,,5,,,5
YE12032310900,,,5,,,5
YE12032322600,15,,,,,15
YE12032113900,,,5,,,5
YE12112313400,,,5,,,5
YE12112122600,,,5,,,5
YE12112319600,,,5,,,5
YE12012211900,,,5,,,5
YE12112216100,15,,,,50,65
YE12112300501,5,,,,,5
YE12112328800,15,,,,,15
YE12112300401,5,,,,,5
YE12112129900,5,,,,,5
YE12112300106,0,0,5,10,0,15
YE12112110100,10,0,10,0,40,60
YE12112119400,5,,5,,,10
YE12112313700,,,5,,,5
YE12112115800,15,0,0,10,35,60
YE12112300203,,,5,,,5
YE12112100301,15,,,,,15
YE12042128600,5,,,,,5
YE12042123900,,,5,,,5
YE12042149500,,,5,,,5
YE12042113800,,,,,10,10
YE12042216300,,,,,10,10
YE12042131300,,,5,,,5
YE12042117300,,,5,,,5
YE12042223700,,,5,,,5
YE12042237000,,,5,,,5
YE12042221700,5,,,,,5
YE12042200101,15,,,,,15
YE12112238600,,,5,,,5
YE12042113900,,,5,,15,20
YE12042127200,,,5,,,5
YE12042210700,,,,,10,10
YE12042211600,,,,,20,20
YE12022200102,10,,,,,10
YE12022215100,,,5,,,5
YE12022211400,,,5,,,5
YE12042200130,,,5,,,5
YE12022110500,,,5,,,5
YE12022200101,5,,,,,5
YE12062114200,5,,,,,5
YE12062173500,,,5,,,5
YE12062145300,,,5,,,5
YE12062246600,5,,,,,5
YE12062122200,,,5,,,5
YE12062157500,,,5,,,5
YE12062100101,5,,,,,5
YE12062111400,,,5,,,5
YE12062247900,,,5,,,5
YE12072216100,,,5,,,5
YE12072123700,10,,,,,10
YE12072211700,,,5,,,5
YE12072235000,,,5,,,5
YE12072119400,5,,,,,5
YE12052216300,,,5,,,5
YE12052210200,,,5,,,5
YE12052223000,,,5,,,5
YE12052217700,10,,,,,10
YE12052211500,5,,,,,5
YE12102110900,,,5,,,5
YE12022117300,,,5,,,5
YE12102100101,,,,5,,5
YE12102110300,10,,,,,10
YE12102110400,5,,,,,5
YE12022100130,,,5,,,5
YE12102110100,25,,,,,25
YE12102100103,,,,5,,5
YE12102111700,15,,,,,15
YE12102100102,,,,10,,10
YE24042100129,,,10,,,10
YE24042100106,,,10,,,10
YE24042100105,5,,,,,5
YE12102100140,,15,,,,15
YE24042100101,20,,,,,20
YE24042100102,40,,,,15,55
YE24042100107,5,,,,,5
YE24042100136,,,5,,,5
YE24042100104,5,,,,5,10
YE24042100103,5,,,,5,10
YE24032100103,5,15,0,0,5,25
YE24042100140,,,5,,,5
YE24032100102,10,,,,10,20
YE24032100130,,,5,,,5
YE24032100140,,,5,,,5
YE24032100105,,45,,,,45
YE24032100112,,,10,,,10
YE24032100101,,,,,5,5
YE24032100150,,,5,,,5
YE24032100106,,,5,,,5
YE24062100119,,,5,,,5
YE24062100105,5,,,,5,10
YE24062100116,,,5,,,5
YE24062100118,,,5,,,5
YE24062100130,,,5,,,5
YE24062100101,5,,,,5,10
YE24062100102,5,,,,40,45
YE24032100160,,,5,,,5
YE24022100130,,,5,,,5
YE24022100140,,,5,,,5
YE24022100102,25,,,,,25
YE24022100150,,,5,,,5
YE24022100103,5,,,,,5
YE24022100160,,,5,,,5
YE24022100170,,,10,,,10
YE24022100180,,,5,,,5
YE24052100101,,,,,5,5
YE24052100103,,,,,5,5
YE24052100102,5,,,,5,10
YE24052100109,,,5,,,5
YE24052100105,5,,,,5,10
YE24022100190,,,5,,,5
YE24052100108,,,5,,,5
YE24052100107,5,,,,35,40
YE24052100104,,,,,5,5
YE24052100112,,,5,,,5
YE24072100117,,,5,,,5
YE24052100140,,,10,,,10
YE24072100101,10,,,15,30,55
YE24072100105,5,,,,10,15
YE24072100104,5,,,,,5
YE24072100103,,,,,5,5
YE24072100109,,,5,,,5
YE24072100106,,,,,15,15
YE24072100130,,,5,,,5
YE24072100140,,,5,,,5
YE24012100101,10,,,210,15,235
YE24012100116,,35,25,,,60
YE24012100104,,,5,,,5
YE24012100102,35,,,,10,45
YE24082100106,,,,5,,5
YE24082100104,,,,,5,5
YE24072100150,,,5,,,5
YE24082100102,,,,,5,5
YE24082100103,5,,,15,5,25
YE24082100105,5,,,,5,10
YE24082100101,5,,,,5,10
YE24082100130,,,5,,,5
YE24082100140,,,5,,,5
YE14162110400,5,,,,,5
YE14162111800,5,,,,,5
YE24082100150,,,5,,,5
YE14162111000,,15,,,,15
YE14162111900,,,5,,,5
YE14162112500,5,,5,,,10
YE14162100101,5,,,,,5
YE14102310100,,15,,,,15
YE14102910200,5,,,,,5
YE14102810300,5,,,,,5
YE14103010100,,,5,,,5
YE14102211000,5,,,,,5
YE14102210800,,,5,,,5
YE14102510100,5,,5,,,10
YE14162100130,,,5,,,5
YE14092100130,,,5,,,5
YE14092100140,,,5,,,5
YE14092100150,,,5,,,5
YE14092100101,35,,,,15,50
YE14202210900,5,,5,,,10
YE14202210400,,,5,,,5
YE14202112300,,,5,,,5
YE14202510900,,,5,,,5
YE14202510500,5,,,,,5
YE14202310300,5,,,,,5
YE14142310600,5,,,,,5
YE14142310700,,,5,,,5
YE14142210100,,,,,10,10
YE14142112400,5,,,,15,20
YE14142111400,5,,5,,,10
YE14142111700,5,,5,,,10
YE14142113600,,,,,25,25
YE14142113400,,,,,5,5
YE14142113100,,,5,,,5
YE14182210100,5,,,,,5
YE14182211000,5,,,,,5
YE14182110300,5,,,,,5
YE14182110900,,,5,,,5
YE14182311300,,,5,,,5
YE14182310100,,,5,,,5
YE14112210300,5,,,,,5
YE14112210400,,,,,5,5
YE14112110100,5,,,,,5
YE14112110600,,,,,5,5
YE14112110500,,,5,,5,10
YE14112110800,,,5,,,5
YE14112713200,5,,5,,,10
YE14112611400,,,5,,,5
YE14112310200,,,,,5,5
YE14112410100,,,,,5,5
YE14042910800,,,5,,,5
YE14042800101,5,,,,,5
YE14042110400,5,,,,,5
YE14043210300,,,5,,,5
YE14043210400,,,5,,,5
YE14043311200,5,,,,,5
YE14192100100,,,5,,,5
YE14192115400,,,5,,,5
YE14192114800,5,,,,,5
YE14192116500,5,,,,,5
YE14192115000,5,,5,,,10
YE14192110300,5,,,,,5
YE14192115700,,,5,,,5
YE14072412700,15,,,,,15
YE14072411100,,,10,,,10
YE14072110700,,,5,,,5
YE14073010400,,,5,,,5
YE14052210300,,,5,,,5
YE14052110800,,,,,5,5
YE14052100101,,,,,5,5
YE14052111100,,,,,5,5
YE14052110700,10,,,,,10
YE14052310500,,,5,,,5
YE14052310300,5,,,,,5
YE14052510300,,,5,,,5
YE14062510100,5,,,,,5
YE14062410100,5,,5,,,10
YE14092100160,,,5,,,5
YE14062100101,10,,,,,10
YE14062610100,,,5,,,5
YE14032611300,10,,,,,10
YE14032210300,,,5,,,5
YE14032311300,,,5,,,5
YE14032512000,5,,,,,5
YE14032511000,,,5,,,5
YE14082112800,,,5,,,5
YE14082112900,,,5,,,5
YE14082119300,,,5,,,5
YE14082110400,,,,,5,5
YE14082113000,,,,,15,15
YE14082112700,,,,,15,15
YE14082100101,,,,,25,25
YE14012510100,5,,,,,5
YE14012510400,,,5,,,5
YE14012480700,,5,,,,5
YE14012910200,5,,,,,5
YE14012810200,5,,,,,5
YE14012610400,,10,,,,10
YE14012610300,,,5,,,5
YE14012610100,,,5,,,5
YE14062100130,,5,,,,5
YE14022110200,,,5,,,5
YE14022610200,,,,,15,15
YE14022480600,,5,,,,5
YE14022710100,5,,5,,,10
YE14022980200,,,5,,,5
YE14022910100,5,,,,,5
YE14022810600,5,,,,,5
YE14022810200,5,,,,,5
YE14022211700,,5,,,,5
YE14022211300,,5,,,,5
YE14022211500,,5,,,,5
YE14012600130,,,10,,,10
YE14132100140,,,5,,,5
YE14132100150,,,5,,,5
YE14132100101,30,55,,20,,105
YE14122811400,5,,,,,5
YE14122610100,5,,,,,5
YE14122611700,,5,,,,5
YE14122111300,5,,,,,5
YE14122111200,,10,,,,10
YE14122111400,,5,,,,5
YE14122110100,,,5,,,5
YE14122910200,,,5,,,5
YE14122310300,,,5,,,5
YE14122310400,,10,,,,10
YE14122310100,,5,,,,5
YE14172110100,5,,,,,5
YE14172111100,,20,,,,20
YE14172112400,,,5,,,5
YE14172100100,5,,,,,5
YE14172111500,5,,,,,5
YE14172111000,,,5,,,5
YE14172111400,,,5,,,5
YE14172111700,,,5,,,5
YE14152112900,5,,5,,,10
YE14152113100,,,,,5,5
YE14152111900,5,,5,,,10
YE14152110700,5,,,,30,35
YE14152113400,,,5,,,5
YE30062212000,,,,,5,5
YE30062212100,,,,,5,5
YE30062112900,,,,,30,30
YE30062200101,15,,,,35,50
YE30062225600,,,5,,,5
YE30062216600,,,5,,,5
YE30062211100,10,,,,,10
YE30062134300,,,5,,,5
YE30062115400,,,,,10,10
YE14132100160,,,5,,,5
YE30062214800,,,5,,,5
YE30062118500,5,0,0,35,5,45
YE30062134500,,,5,,,5
YE30062116700,,,,,5,5
YE30062129700,,,5,,,5
YE30082422600,5,,,,,5
YE30082136500,,,5,,,5
YE30082148600,,,5,,,5
YE30082159500,5,,,,,5
YE30082423300,5,,,,,5
YE30082144200,,,5,,,5
YE30082421900,5,,,,,5
YE30082215000,,,5,,,5
YE30092511400,,,5,,,5
YE30092510800,,,5,,,5
YE30092510300,,,5,,,5
YE30092511500,5,,,,,5
YE30092910200,5,,,,,5
YE30092910400,5,,,,,5
YE30092110800,,,5,,,5
YE30092110700,,,5,,,5
YE30092110600,,,5,,,5
YE30092111500,10,,,,,10
YE30052213700,,,,,10,10
YE30052213800,,,,,5,5
YE30052214100,5,,,,10,15
YE30052213300,,,,,15,15
YE30052213900,,,,,5,5
YE30052211500,,,5,,,5
YE30052116700,,,5,,,5
YE30052222300,,,5,,,5
YE30052110800,5,,,,,5
YE30052114400,5,,,,,5
YE30042216600,5,,,,,5
YE30042123100,5,,,,,5
YE30042220900,,,5,,,5
YE30042216300,,,5,,,5
YE30042223700,,,5,,,5
YE30042222100,,,5,,,5
YE30022511200,,,,,5,5
YE30022511000,5,,,,,5
YE30022810100,5,,,,,5
YE30022810200,,,5,,,5
YE30022110100,5,,,,,5
YE30022100100,15,,,,25,40
YE30062100130,,,5,,,5
YE30022210400,,,5,,,5
YE30022210300,,,,,5,5
YE30022610300,5,,5,,5,15
YE30022610600,,,5,,,5
YE30022310800,5,,,,,5
YE30072212100,5,,,,,5
YE30072213500,10,,,,,10
YE30072229400,,,5,,,5
YE30072123900,,,5,,,5
YE30072213900,,,5,,,5
YE30072125800,,,,,15,15
YE30072126500,5,,,,,5
YE30072122400,,,5,,,5
YE30012310400,,,5,,,5
YE30012510100,5,,5,,,10
YE30012100101,5,,,,,5
YE30022100130,,,5,,,5
YE30012110100,5,,,,,5
YE30012610600,,,5,,,5
YE30032510800,,,5,,,5
YE30032510100,5,,,,,5
YE30032510300,,,5,,,5
YE30032510700,,,,,5,5
YE30032510200,,,5,,,5
YE30032611100,,,5,,,5
YE30032610900,5,,,,,5
YE30032810100,5,,,,,5
YE30032210700,,,5,,,5
YE30032211200,,,5,,,5
YE30032210400,5,0,0,25,5,35
YE30032210100,5,,,,,5
YE30032210600,,,,,5,5
YE30032710100,,,5,,,5
YE30012100130,,,5,,,5
YE30032110500,,,,,5,5
YE30032100100,20,,,,5,25
YE30032100130,,,5,,,5
YE18092110800,,,5,,,5
YE18092111700,,,5,,,5
YE18092200201,5,,,,,5
YE18092210100,10,,,,,10
YE18092210300,5,,,,,5
YE18092100130,,,5,,,5
YE18092210900,,,5,,,5
YE18142710200,,,5,,,5
YE18142910700,10,,,,,10
YE18142910900,5,,,,,5
YE18092200130,,,5,,,5
YE18142810100,5,,,,,5
YE18142411000,,,5,,,5
YE18142410900,,,5,,,5
YE18142210200,5,,,,,5
YE18142210500,,,5,,,5
YE18252311000,5,,,,,5
YE18252310500,,,5,,,5
YE18252210600,10,,,,,10
YE18252510100,5,,,,,5
YE12112100107,,,5,,,5
YE18252110200,,,5,,,5
YE18252110400,,,5,,,5
YE18252112300,,,5,,,5
YE18252410300,5,,,,,5
YE18112210700,5,,,,,5
YE18112200101,10,,,,,10
YE18112210100,5,,5,,,10
YE18142100130,,,5,,,5
YE18112110800,,,5,,,5
YE18232100106,15,,,,100,115
YE18232110100,5,0,0,35,25,65
YE18112200130,,,5,,,5
YE18232100140,,,5,,,5
YE18232100150,,,5,,,5
YE18212100101,10,0,0,15,0,25
YE18212110100,10,,,,15,25
YE18232100160,,,5,,,5
YE18212100170,,,5,,,5
YE18212100180,,,5,,,5
YE18202110200,,,5,,,5
YE18212100190,,,5,,,5
YE18202100101,10,0,0,75,0,85
YE18202311000,,,5,,,5
YE18202211800,5,,,,,5
YE18202210300,,,5,,,5
YE18162111500,,,5,,,5
YE18162112000,,,5,,,5
YE18202100130,,,5,,,5
YE18162110400,5,,,,,5
YE18162111700,5,,,,,5
YE18162210200,,,5,,,5
YE18162210600,,,5,,,5
YE18162210500,5,,,,,5
YE18132511200,5,,,,,5
YE18132910100,,,5,,,5
YE18133011900,,,5,,,5
YE18132110500,5,,,,,5
YE18132100101,10,,,,,10
YE18162100130,,,5,,,5
YE18082210200,,,5,,,5
YE18082210100,5,,,,,5
YE18082310200,5,,5,,,10
YE18082310300,5,,,,,5
YE18132100130,,,5,,,5
YE18082310400,,,5,,,5
YE18082110100,5,,,,,5
YE18082110600,,,5,,,5
YE18082110500,5,,,,,5
YE18222100101,25,,,,,25
YE18222100106,,,,5,,5
YE18222100103,,,10,,,10
YE18222100105,,,5,,,5
YE18222100117,,,5,,,5
YE18222100113,,,5,,,5
YE18082300130,,,,15,,15
YE18052110900,5,,5,,,10
YE18052110800,5,,,,,5
YE18052115800,5,,,,,5
YE18052110200,,,5,,,5
YE18052112000,,,5,,,5
YE18222100130,,,5,,,5
YE18062510500,,,5,,,5
YE18062510100,,,5,,,5
YE18062410900,,,5,,,5
YE18062411400,,,5,,,5
YE18062100101,10,,,,,10
YE18062113900,5,,,,,5
YE18062111700,5,,5,,,10
YE18062114100,5,,,,,5
YE18023300201,5,0,5,0,0,10
YE18022611300,,,5,,,5
YE18022100101,5,,,,,5
YE18025910300,,,5,,,5
YE18022811100,,,5,,,5
YE18022810900,,,5,,,5
YE18023210100,5,,,,,5
YE18022411300,5,,,,,5
YE18022410700,5,,,,,5
YE18042110200,,,10,,,10
YE18042100101,5,0,5,0,5,15
YE18042110100,10,,,,15,25
YE18152111400,5,,,,,5
YE18152211300,,,5,,,5
YE18152210200,,,5,,,5
YE18152210400,5,,,,,5
YE18152212000,,,5,,,5
YE18152212500,,,5,,,5
YE18152211900,,,5,,,5
YE18152212100,10,,,,,10
YE18262100101,5,,,,20,25
YE18262110300,,,10,,,10
YE18262110400,,,5,,,5
YE18052100130,,,5,,,5
YE18262610200,5,,,,,5
YE18262510200,5,,,,,5
YE18262310100,10,,5,,,15
YE18072211500,,,5,,,5
YE18072210800,5,,,,,5
YE18072211200,,,5,,,5
YE18072100101,20,,,,,20
YE18072111200,,,5,,,5
YE18072411200,,,5,,,5
YE18072300301,,,5,,,5
YE18012610200,,,5,,,5
YE18012515900,,,5,,,5
YE18012100301,5,,,,,5
YE18012210100,5,,,,,5
YE18012210600,5,,,,,5
YE18012411000,,,5,,,5
YE18012311400,5,,,,,5
YE18102211900,,,5,,,5
YE18102210500,5,,,,,5
YE18102311100,,,5,,,5
YE18102100101,10,,,,,10
YE18262100130,,,5,,,5
YE18172411000,,,5,,,5
YE18172300201,,,5,,,5
YE18172316400,,,5,,,5
YE18172320700,,,5,,,5
YE18172211300,,,5,,,5
YE18172813100,5,,,,,5
YE18172812800,5,,,,,5
YE18172812200,5,,,,,5
YE18172110100,5,,,,,5
YE18172100101,5,,,,,5
YE18122210600,5,,,,,5
YE18122211300,5,,,,,5
YE18122210700,5,,,,,5
YE18122410400,,,5,,,5
YE18122410700,,,5,,,5
YE18122410500,,,5,,,5
YE18122100100,5,,,,,5
YE18122710700,,,5,,,5
YE18122710200,5,,,,,5
YE18122510800,,,5,,,5
YE18102100130,,,10,,,10
YE18192100101,15,,,,35,50
YE18192311100,,,5,,,5
YE18192310100,,,,,5,5
YE18192310800,,,5,,,5
YE18192310200,,,,,5,5
YE18192310700,,,,,5,5
YE18192310500,5,,,,,5
YE18192210200,5,,,,,5
YE18192211100,,,,,5,5
YE18192410800,,,,,5,5
YE18192410700,,,5,,,5
YE18182610400,5,,,,,5
YE18183510100,,,5,,,5
YE18182510800,5,,,,,5
YE18182211200,,,5,,,5
YE18183710100,,,5,,,5
YE18183010700,,,5,,,5
YE18182913300,5,,,,,5
YE18182710700,,,5,,,5
YE18192100130,,,5,,,5
YE18032100140,,,10,,,10
YE18242311200,5,,,,,5
YE18032100150,,,5,,,5
YE18243200301,5,,,,,5
YE18242411800,5,,,,,5
YE18242410700,,,5,,,5
YE18242510300,,,5,,,5
YE18242610100,5,,,,,5
YE18242210200,5,,,,,5
YE18243710100,5,,,,,5
YE16082110300,,,,,5,5
YE18242300130,,,10,,,10
YE16082110800,10,,,,5,15
YE16082110400,5,,,,,5
YE16082110600,,,5,,,5
YE16082100101,10,,,,10,20
YE16052210300,5,,10,,10,25
YE16082100130,,,5,,,5
YE16052100101,25,,,,55,80
YE16052110200,,,,,10,10
YE16052110700,,,,,5,5
YE16022110100,,,5,,,5
YE16022100101,5,,,,,5
YE16022210100,5,,5,,,10
YE16022310100,,,5,,20,25
YE16022410100,5,,,,,5
YE16022410400,5,,,,,5
YE16062100130,,,5,,,5
YE16092110100,5,,5,,,10
YE16092100101,10,,,,,10
YE16092180100,5,,,,,5
YE16092100130,,,5,,,5
YE16092100140,,,5,,,5
YE16072110400,5,,5,,,10
YE16072110300,,,5,,,5
YE16072100101,5,,,,,5
YE16072110500,10,,,,,10
YE16032110100,10,,,,,10
YE16032110500,,,5,,,5
YE16032100101,10,,,,10,20
YE16032210300,5,,,,,5
YE16032210100,,,10,,,10
YE16032210200,,,,,5,5
YE16062110100,5,,,,,5
YE16062110200,5,,,,,5
YE16062110300,5,,,,,5
YE18252100105,10,0,5,0,60,75
YE16062110400,5,,,,30,35
YE16062110600,10,,,,,10
YE16062210500,,,10,,,10
YE16042100101,5,,,,,5
YE16042110100,,,5,,,5
YE16042310100,5,,5,,,10
YE16042310200,5,,,,10,15
YE16042410200,5,,5,,5,15
YE16042510100,5,,,,5,10
YE16102810400,5,,,,,5
YE16103010100,5,,5,,5,15
YE16103010500,5,,,,,5
YE16103010700,,,,,10,10
YE16102710300,,,5,,,5
YE16072100130,,,5,,,5
YE16102610600,,,,,5,5
YE16102310800,,,5,,,5
YE16102410100,,,10,,,10
YE16012210200,5,,,,,5
YE16012211200,5,,20,,,25
YE16012211500,5,,,,,5
YE16012110100,5,,10,,,15
YE16012110300,,,,,20,20
YE16012410900,,,5,,,5
YE16122210100,,,5,,,5
YE16122210600,,,5,,,5
YE16122211400,,,5,,,5
YE16122210500,5,,,,,5
YE16122310300,10,,10,,,20
YE16122110400,,,5,,,5
YE16122110100,5,,,,,5
YE16122410200,5,,,,,5
YE16122410100,10,,,,,10
YE16113111400,,,5,,,5
YE16113111100,,,5,,,5
YE16113112300,5,,,,,5
YE16113110200,,,5,,,5
YE16113111700,,,5,,,5
YE16112910100,,,5,,,5
YE16112910500,5,,,,,5
YE16112310500,,,5,,,5
YE16112680100,5,,,,,5
YE16112210200,5,,,,,5
YE16112100101,5,,,,,5
YE16112480200,,,5,,,5
YE16112412400,,,5,,,5
YE16102100130,,,10,,,10
YE28042100101,75,0,0,35,45,155
YE28042100140,,,5,,,5
YE28042100150,,,5,,,5
YE28042100160,,,10,,,10
YE28042100170,,,5,,,5
YE28042110100,45,0,10,90,5,150
YE28042110400,5,,5,,5,15
YE28042210700,,,,,15,15
YE28042210600,,,,45,,45
YE28042280600,,,,,5,5
YE28042210100,,,,,5,5
YE28042280100,,,10,,,10
YE28042210500,,,5,,,5
YE28042100180,,,5,,,5
YE28062200103,25,,,,,25
YE28062200102,,,5,,,5
YE28062200101,,,,,5,5
YE28062115500,,,,,5,5
YE28062113000,,,,,5,5
YE28062111100,,,,,10,10
YE28062116500,,,,,5,5
YE28062181500,,,5,,,5
YE28062116300,,,5,,,5
YE28062112700,,,,,5,5
YE28062110700,,,,,5,5
YE28062112600,,,,,5,5
YE28062110900,,,,,5,5
YE28062112900,,,,,10,10
YE28062111800,,,,,5,5
YE28062113400,,,,,5,5
YE28062111500,,,,,5,5
YE28062112800,,,,,5,5
YE28062113300,,,,,5,5
YE28062110400,,,5,,,5
YE28022100100,,,5,,,5
YE28022182000,,,5,,,5
YE28022180100,,,5,,,5
YE28032110200,,,5,,,5
YE28032100101,,,5,,,5
YE28032280500,,,5,,,5
YE28092110300,,,10,,,10
YE28092110700,15,,5,,,20
YE28092110600,,,5,,,5
YE28092110400,,,,,15,15
YE28052110900,,,5,,5,10
YE28052110400,,,,,5,5
YE28052110800,,,5,,,5
YE28052111500,,,5,,,5
YE28052114500,,,,,10,10
YE28082200104,20,,,,5,25
YE28082200105,,,,,5,5
YE28082200103,,,,,5,5
YE28062200130,,,5,,,5
YE28082100130,,,5,,,5
YE28082100140,,,5,,,5
YE28082185400,,,5,,,5
YE28082283000,,,5,,,5
YE28082100150,,,5,,,5
YE28072100103,10,,,,,10
YE28082100160,,,5,,,5
YE28072100105,,,,,15,15
YE28072100170,,,5,,,5
YE28072110100,,,10,,5,15
YE28072100180,,,5,,,5
YE28072280400,,,,,5,5
YE28072210100,5,,5,,,10
YE28012111200,,,5,,,5
YE28012111000,,,5,,,5
YE28012100100,,,5,,,5
YE27042311500,5,,,,,5
YE27042310400,5,,,,,5
YE27042310900,5,,,,,5
YE27043010100,5,,,,,5
YE27042710100,5,,,,,5
YE27043110400,,,5,,,5
YE27043110300,,,10,,,10
YE27042210100,,,5,,,5
YE27042210400,,,5,,,5
YE27042910700,5,,,,,5
YE27042900101,5,,,,,5
YE27042110200,,,5,,,5
YE27093110100,5,,,,,5
YE27092210100,5,,,,,5
YE27093410100,5,,,,,5
YE27093312100,,,5,,,5
YE27093311000,5,,,,,5
YE27092411000,,,5,,,5
YE27093210500,5,,,,,5
YE27093210400,5,,,,,5
YE27093211100,,,5,,,5
YE27092310600,5,,,,,5
YE27092310500,5,,,,,5
YE27093010300,,,5,,,5
YE27092510200,5,,,,,5
YE27092610900,5,,,,,5
YE28072100185,,,5,,,5
YE27082100190,,,5,,,5
YE27082111100,,,5,,,5
YE27082100101,25,,,,,25
YE27032610300,,,5,,,5
YE27032411900,,,5,,,5
YE27032100101,5,,,,,5
YE27033311000,5,,,,,5
YE27033210500,,,5,,,5
YE27033411000,,,5,,,5
YE27032710400,,,5,,,5
YE27032710500,,,5,,,5
YE27032710700,,,5,,,5
YE27033511000,5,,,,,5
YE27022910800,,,5,,,5
YE27022100101,10,,,,,10
YE27022110900,,,5,,,5
YE27082100195,,,5,,,5
YE27022810100,,,5,,,5
YE27022212800,5,,,,,5
YE27022211600,5,,5,,,10
YE27073910800,5,,,,,5
YE27073910600,5,,,,,5
YE27073910900,,,5,,,5
YE27073110100,,,,,15,15
YE27072910300,,,5,,,5
YE27073810500,5,,,,,5
YE27073512700,5,,,,,5
YE27072410400,5,,,,,5
YE27073410600,,,,,5,5
YE27072810100,,,5,,,5
YE27072810400,,,5,,,5
YE27074010500,,,5,,,5
YE27062210200,5,,,,,5
YE27062210900,,,5,,,5
YE27062100101,5,,,,,5
YE27062111000,5,,,,,5
YE27063110900,,,5,,,5
YE27062810900,,,5,,,5
YE27052110200,5,,,,,5
YE27053910300,,,5,,,5
YE27052510300,,,5,,,5
YE27052610500,,,5,,,5
YE27053311600,,,5,,,5
YE27053310300,,,5,,,5
YE27053311400,5,,,,,5
YE27052710300,,,5,,,5
YE27052810200,,,5,,,5
YE27053411000,,,5,,,5
YE27053010200,5,,,,,5
YE27012311300,5,,,,,5
YE27022100130,,,5,,,5
YE27012100101,10,,,,,10
YE27012211600,,,5,,,5
YE27012210500,5,,,,,5
YE27012212400,,,5,,130,135
YE13060310101,,,,10,,10
YE13060110104,,,,,5,5
YE13060710103,,,5,,,5
YE27012100130,,,,5,,5
YE13060710105,,,5,,,5
YE13060710106,5,,,5,10,20
YE13060710107,10,,5,,,15
YE13060410101,5,,,,,5
YE13050710110,,,,,5,5
YE13050610108,,,,5,,5
YE13051010108,5,,,,,5
YE13051410105,,,5,,,5
YE13064400130,,45,,,,45
YE13050110103,,,,,5,5
YE13050710102,,,,,5,5
YE13051010107,,,5,,,5
YE13051010113,,,,5,,5
YE13242100108,,,,15,,15
YE13051210102,5,,5,,,10
YE13050510115,5,,,,,5
YE13051310102,5,,,,,5
YE13050310104,,,5,,,5
YE13051110104,,,,40,15,55
YE13051210106,,,5,,,5
YE13051310107,,,5,,,5
YE13051410101,,,5,,,5
YE13051010105,,,,15,,15
YE13051110101,5,,,,5,10
YE13051110102,,,,,5,5
YE13050710104,,,,,5,5
YE13040310101,5,,,,,5
YE13053400130,,,,25,,25
YE13040310102,,,5,,,5
YE13040110107,5,,,,,5
YE13040510102,5,,,,,5
YE13040310106,,,5,,,5
YE13040210101,,,5,,,5
YE13071010117,,,5,,,5
YE13071210205,,,5,,,5
YE13071010120,,,5,,,5
YE13070910301,,,5,,,5
YE13071010114,5,,,,,5
YE13070810112,5,,,,,5
YE13070910302,10,,,,,10
YE13070810107,,,5,,,5
YE13090210101,10,,,5,,15
YE13090110103,,,,10,,10
YE13090410108,,,,5,,5
YE13090310101,,,5,,,5
YE13090410106,,,5,,,5
YE13090410313,,,5,,,5
YE13091551110,5,,,,,5
YE13091535110,,,,,5,5
YE13091540110,,,5,,,5
YE13091532110,,,,,5,5
YE13043800130,,,5,,,5
YE13091549110,,,,,5,5
YE13091547110,,,,,10,10
YE13092010507,5,,,,,5
YE13090410101,5,,,,,5
YE13030310101,,,5,,20,25
YE13030310104,,,5,,10,15
YE13030410101,5,,,,,5
YE13030410102,5,,,,,5
YE13030410108,5,,,,,5
YE13030510102,5,,,,,5
YE13030510101,,,,,10,10
YE13030310102,5,,5,,5,15
YE13100210102,,,5,,,5
YE13100310116,,,5,,,5
YE13105150110,5,,,,,5
YE13100610110,5,,,,,5
YE13091700130,,,5,,,5
YE13100210112,5,,,,,5
YE13100510122,,,5,,,5
YE13100400170,45,,,,75,120
YE13100600130,20,,,,,20
YE13100610123,15,,,,,15
YE13100610114,,,5,,,5
YE13090410109,,,,,5,5
YE13100210118,5,,,,,5
YE13105147110,5,,,,,5
YE13081110118,5,,5,,,10
YE13080310101,,,5,,,5
YE13100400180,,,5,,,5
YE13081210128,5,,,,,5
YE13080210105,,,5,,,5
YE13081110146,,,5,,,5
YE13080310103,5,,,,,5
YE13080810103,,,5,,,5
YE13087958110,,,5,,,5
YE13081110123,5,,,,,5
YE13080310105,5,,,,,5
YE13087956110,5,,,,,5
YE13080410105,,,5,,,5
YE13080510103,5,,,,,5
YE13080510104,,,,,5,5
YE13080410109,5,,,,,5
YE13081510113,,,,25,,25
YE13087943110,5,,,,,5
YE13017310152,,,5,,,5
YE13017010166,,,5,,,5
YE13017110105,,,5,,,5
YE13017110109,5,,,,,5
YE13016810164,10,,5,,,15
YE13016810158,5,,,,,5
YE13017110101,,,5,,,5
YE13020110103,,,5,,,5
YE13020110107,,,5,,,5
YE13020110105,,,,,5,5
YE13025910101,,,5,,10,15
YE13021010101,5,,,,,5
YE13021510103,,,5,,,5
YE13020510106,5,,,,,5
YE13020510108,5,,,,,5
YE13020310102,5,,,,,5
YE13020210114,,,,15,,15
YE13021510108,,,,,5,5
YE13020410103,,,5,,,5
YE13021310104,,,5,,,5
YE13020110102,5,,,,,5
YE29033110100,,,5,,,5
YE29032910100,5,,,,,5
YE29032710100,,,5,,,5
YE29032810800,,,,,10,10
YE29032210300,10,,,,,10
YE29032100100,,,,,5,5
YE29032110200,,,10,,,10
YE29033010400,5,,,,,5
YE29033010500,5,,,,,5
YE29062210500,,,5,,,5
YE29062210100,5,,,,,5
YE29062111200,10,,,,,10
YE29062313500,,,5,,,5
YE29062312300,5,,,,,5
YE29062311600,5,,,,,5
YE29062311200,,,5,,,5
YE29042411000,,,5,,,5
YE29042210100,5,,,,,5
YE29042210500,,,5,,5,10
YE29042210200,,,,,5,5
YE29042210400,,,5,,,5
YE29042210700,5,,,,,5
YE29042100101,5,,,,10,15
YE29042110600,,,,,5,5
YE29042510300,5,,,,,5
YE29042510400,,,5,,,5
YE29042510100,5,,,,,5
YE13081100130,,,5,,,5
YE29152110400,,,5,,5,10
YE29152110100,5,,,,,5
YE29152100130,,,5,,,5
YE29152100140,,,5,,,5
YE29152100150,,,5,,,5
YE29152110200,,,,,10,10
YE29152100101,45,,,,65,110
YE29142400100,5,,,,,5
YE29142510500,5,,,,,5
YE29143110100,,,5,,,5
YE29142910600,,,5,,,5
YE29142910100,5,,,,,5
YE29142110800,5,,,,,5
YE29142811600,,,5,,,5
YE29143010600,5,,,,,5
YE29132412000,,,5,,,5
YE29132312000,5,,,,,5
YE29132311800,,,5,,,5
YE29132311400,5,,5,,,10
YE29132310700,,,5,,,5
YE29132210400,5,,,,,5
YE29132110500,10,,,,,10
YE29202510100,,,5,,,5
YE29202311600,,,5,,,5
YE29202310800,,,5,,,5
YE29202310100,5,,,,,5
YE29202410200,5,,,,,5
YE29202410300,5,,,,,5
YE29202210100,5,,,,,5
YE29202211100,,,5,,,5
YE29202211400,5,,,,,5
YE29092311400,10,,,,,10
YE29092310800,5,,5,,,10
YE29092110200,5,,,,,5
YE29092110600,5,,,,,5
YE29092210900,,,5,,,5
YE29092210400,,,5,,,5
YE29092210200,,,5,,,5
YE29082110300,,,5,,,5
YE29082210600,5,,,,,5
YE29082211200,5,,,,,5
YE29082311000,5,,,,,5
YE29082310300,5,,,,,5
YE29082310400,,,5,,,5
YE29082310200,5,,,,,5
YE29082410500,,,5,,,5
YE29082411500,,,5,,,5
YE29012111500,,,5,,,5
YE29012710500,5,,,,,5
YE29012710100,,,5,,,5
YE29012710200,,,5,,,5
YE29012910700,,,5,,,5
YE29012810200,5,,,,,5
YE29012610200,5,,,,,5
YE29022411000,5,,,,,5
YE29023110300,,,5,,,5
YE29023510100,,,,,5,5
YE29152100160,,,5,,,5
YE29022100101,5,,,,,5
YE29023310100,5,,,,10,15
YE29023410100,,,,,5,5
YE29022210900,,,,,5,5
YE29022211200,,,5,,5,10
YE29023010300,5,,,,,5
YE29023211000,5,,,,,5
YE29182211400,5,,5,,,10
YE29182210700,,,,,5,5
YE29182211300,5,,,,,5
YE29182210100,,,,,5,5
YE29182310700,,,,,5,5
YE29182310800,5,,,,,5
YE29182311000,,,,,5,5
YE29182310200,,,5,,,5
YE29182310100,,,,,10,10
YE29182311300,,,,,5,5
YE29182110600,,,5,,,5
YE29182110700,5,,,,,5
YE29182110300,5,,,,10,15
YE29122311200,5,,,,,5
YE29122410400,,,,,5,5
YE29122410200,,,5,,,5
YE29122110100,,,5,,10,15
YE29122111000,,,5,,,5
YE29122111100,5,,,,5,10
YE29122111200,5,,,,,5
YE29122512900,,,5,,,5
YE29122512100,5,,,,,5
YE29192100101,15,,,,,15
YE29192111300,,,5,,,5
YE29022100130,,,5,,,5
YE29192410600,5,,5,,,10
YE29192510600,,,5,,,5
YE29192310600,5,,,,,5
YE29102210500,,,5,,,5
YE29102210400,5,,,,,5
YE29102110300,,,5,,,5
YE29102310200,5,,,,,5
YE29102400101,5,,,,,5
YE29102410600,5,,,,,5
YE29102410200,5,,5,,,10
YE29102410300,,,5,,,5
YE29162912000,5,,,,,5
YE29162910900,5,,5,,,10
YE29163111400,,,,,10,10
YE29163210100,5,,,,,5
YE29163010500,5,,,,,5
YE29162110300,5,,5,,,10
YE29162110600,,,5,,,5
YE29162111300,,,5,,,5
YE29162400101,,,,,5,5
YE29162411700,,,,,5,5
YE29112310100,5,,10,,,15
YE29112110900,5,,,,,5
YE29192100130,,,5,,,5
YE29112200101,15,,,,,15
YE29112410300,,,5,,,5
YE29052213900,5,,,,,5
YE29052211300,,,5,,,5
YE29052212200,,,5,,,5
YE29052210300,5,,,,,5
YE29052311100,5,,,,,5
YE29052414700,,,5,,,5
YE29052412800,,,5,,,5
YE29072210700,5,,,,,5
YE29072210100,5,,,,,5
YE29072314700,5,,,,,5
YE29072312100,,,5,,,5
YE29072310100,5,,,,,5
YE29072112000,,,5,,,5
YE29072111800,,,5,,,5
YE29072111500,5,,,,,5
YE29172210600,,,,,10,10
YE29172410200,5,,,,,5
YE29172410100,,,10,,,10
YE29172510600,5,,,,,5
YE29172511600,5,,,,,5
YE29172511300,,,5,,,5
YE29112200130,,,5,,,5
YE29172300101,10,,,,5,15
YE20013110400,,,10,,,10
YE20013211000,5,,,,,5
YE20013210800,5,,,,,5
YE20012111400,5,,,,,5
YE20013710200,5,,,,,5
YE20012811000,,,5,,,5
YE20012811100,,,5,,,5
YE20013610400,,,5,,,5
YE20014710100,5,,,,,5
YE20123310100,5,,,,,5
YE20122110200,5,,,,,5
YE20123610300,,,5,,,5
YE20123610100,,,10,,,10
YE20122711100,,,5,,,5
YE20122810100,,,5,,,5
YE20122910400,5,,,,,5
YE20123410100,5,,,,,5
YE20102112000,5,,,,,5
YE20102110600,5,,,,,5
YE20102610100,,,5,,,5
YE20102610400,5,,,,,5
YE20102310500,,,5,,,5
YE20102213700,,,5,,,5
YE20102212200,5,,,,,5
YE20102710300,,15,,,,15
YE20102411800,,,5,,,5
YE20112500101,5,,,,,5
YE20112911100,,,5,,,5
YE20112910700,,,5,,,5
YE20112912200,5,,,,,5
YE20113310100,,,5,,,5
YE20114910200,5,,,,,5
YE20114510200,5,,,,,5
YE20114511400,5,,,,,5
YE20114510300,,,5,,,5
YE20082100101,55,0,0,15,15,85
YE20080800108,,,5,,,5
YE20080900103,,,5,,,5
YE20082100109,,,5,,,5
YE20080600104,,,5,,,5
YE20080400102,,,5,,,5
YE20082210200,,,5,,,5
YE20033610100,5,,,,,5
YE20033510500,5,,,,,5
YE20033713300,,,5,,,5
YE20033711300,,,5,,,5
YE20033210600,,,5,,,5
YE20033210800,5,,,,,5
YE20032710200,5,,5,,,10
YE20032610200,,,5,,,5
YE29172300130,,,5,,,5
YE20022110500,5,,,,,5
YE20022110100,5,,,,,5
YE20022210600,,,5,,,5
YE20022211000,5,,5,,,10
YE20022210500,5,,,,,5
YE20022410700,5,,,,,5
YE20042210200,5,,,,,5
YE20043710300,,,5,,,5
YE20043010600,5,,,,,5
YE20043010500,5,,,,,5
YE20042810300,,,5,,,5
YE20043910200,5,,,,,5
YE20043911100,,,5,,,5
YE20042110700,,,5,,,5
YE20042111100,,,5,,,5
YE20092110700,5,,5,,,10
YE20092110200,,,10,,,10
YE20092210400,,,5,,,5
YE20092310600,,,5,,,5
YE20092410400,5,,,,,5
YE20092410600,5,,,,,5
YE20092410100,5,,,,,5
YE20054011500,,,,,5,5
YE20054011600,,,,,5,5
YE20055310500,5,,,,,5
YE20054210300,,,,,15,15
YE20054710500,,,,,5,5
YE20054711000,,,5,,,5
YE20055910400,,,,,5,5
YE20055910100,,,,,5,5
YE20055910300,,,,,5,5
YE20056110200,,,,,5,5
YE20056110500,,,,,10,10
YE20056110100,,,,,5,5
YE20056110400,,,,,5,5
YE20054410600,,,5,,,5
YE20057310700,5,,,,,5
YE20054811500,,,,,10,10
YE20054810100,,,,,10,10
YE20055410300,5,,,,,5
YE20055710200,5,,,,,5
YE20056010300,,,5,,,5
YE20052110200,,,,,5,5
YE20052110400,,,,,5,5
YE20052110300,,,,,5,5
YE20052100100,,,,,10,10
YE20052110500,,,,,5,5
YE20054610800,,,,,10,10
YE20054610500,,,,,5,5
YE20056311100,,,5,,,5
YE20054913600,,,5,,,5
YE20056210100,,,,,20,20
YE20056211100,,,,,5,5
YE20056210200,,,,,5,5
YE20056210300,,,,,5,5
YE20056210400,,,,,15,15
YE20053910100,5,,,,,5
YE20066411300,5,,,,,5
YE20066110400,5,,,,,5
YE20067110100,,,5,,,5
YE20066610200,,,5,,,5
YE20066310400,,,5,,,5
YE20063310200,5,,5,,,10
YE20065810400,10,,,,,10
YE20063410900,,,5,,,5
YE20073012600,,,5,,,5
YE20076010700,5,,,,,5
YE20076011200,5,,,,,5
YE20075211300,5,,,,,5
YE20072614200,,,5,,,5
YE20072310800,5,,,,,5
YE20074410100,5,,,,,5
YE20076910100,5,,,,,5
YE20077010800,,,5,,,5
YE20077010100,5,,,,,5
YE20077011000,5,,5,,,10
YE20075610100,,,5,,,5
YE20075610200,5,,,,,5
YE19142100101,,,,,5,5
YE19142100102,,,,,5,5
YE19142100103,,,,,5,5
YE19142110400,,,5,,,5
YE19142110600,,,5,,,5
YE19142111900,,,5,,,5
YE19222130200,,,5,,,5
YE19222214200,,,5,,,5
YE19222215800,,,5,,,5
YE19062200101,5,,,,,5
YE19062210200,,,5,,,5
YE19062181900,20,,5,,,25
YE19062282600,,,5,,,5
YE19062181800,15,,,,,15
YE19062282800,5,,,,,5
YE19262121500,10,,,,,10
YE19262120800,5,,,,,5
YE19262118900,,,,,15,15
YE19262115700,,,5,,,5
YE19262212900,,,5,,,5
YE19262121200,,,5,,,5
YE19272100102,,,,25,,25
YE19272110700,5,,,,5,10
YE19272100104,25,0,0,5,15,45
YE19272100103,,,,,10,10
YE19272100101,,,,,5,5
YE20022100130,,15,,,,15
YE19272100130,,,5,,,5
YE19272100113,,,,50,,50
YE19272100140,,,5,,,5
YE19272100150,,,5,,,5
YE19272100115,5,,,,,5
YE19272110200,,,,,5,5
YE19272100118,5,,,70,25,100
YE19272110100,,,,,5,5
YE19032100100,,,10,,,10
YE19032181100,,,5,,,5
YE19072223500,5,,,,,5
YE19072228000,5,,,,,5
YE19072116500,,,5,,,5
YE19072134200,,,5,,,5
YE19072227600,5,,,,,5
YE19072116300,,,5,,,5
YE19072114800,,,5,,,5
YE19212118400,,,5,,,5
YE19212118300,,,5,,,5
YE19212119100,,,5,,,5
YE19132100101,,,5,,,5
YE19132113000,,,5,,,5
YE19132111300,,,5,,,5
YE19132100301,10,,,,10,20
YE19132110700,,,5,,5,10
YE19132110300,5,,,,,5
YE19122110200,,,5,,,5
YE19122114400,,,5,,,5
YE19122115300,,,5,,,5
YE19152200202,,,,,15,15
YE19272100160,,,5,,,5
YE19152100101,15,0,0,25,35,75
YE19152100170,,,5,,,5
YE19152100175,,,5,,,5
YE19152100180,,,5,,,5
YE19152112600,,,5,,,5
YE19252111400,,,,,5,5
YE19252110100,,,,,5,5
YE19252112100,,,5,,,5
YE19252111600,,,,,5,5
YE19252112200,,,,,5,5
YE19252111200,,,,,20,20
YE19252210600,,,,,5,5
YE19252210400,,,,,5,5
YE19252210100,15,,5,,5,25
YE19252280400,,,,,5,5
YE19252280100,,,,,5,5
YE19252210300,,,,,5,5
YE19252210200,,,,,5,5
YE19252210500,,,,,5,5
YE19252211200,,,5,,,5
YE19182210400,,,5,,,5
YE19182115500,,,10,,,10
YE19172100103,10,,,,15,25
YE19172115600,,,5,,,5
YE19172100301,5,,,,,5
YE19172215700,,,5,,,5
YE19172100302,,,,25,,25
YE19172210700,,,5,,,5
YE19162410100,,,5,,,5
YE19162410200,,,5,,,5
YE19162487300,,,5,,,5
YE19162412000,,,5,,,5
YE19052280200,,,5,,,5
YE19052117600,,,5,,,5
YE19052184500,,,5,,,5
YE19242280100,,,5,,,5
YE19242215700,,,5,,,5
YE19242117000,,,5,,,5
YE19242112800,15,,,,,15
YE19242113900,,,5,,,5
YE19282118800,,,5,,,5
YE19282112200,,,5,,,5
YE19282216000,,,5,,,5
YE19202110100,,,5,,,5
YE19202113000,,,5,,,5
YE19202112900,,,5,,,5
YE19012181000,,,5,,,5
YE19012185800,,,5,,,5
YE19012100101,15,0,5,0,0,20
YE19092217500,,,10,,,10
YE19092210300,,,5,,,5
YE19102121100,5,,,,,5
YE19102223200,5,,,,,5
YE19102200103,5,,,,,5
YE19102200106,,,,25,,25
YE19102100104,10,,,,,10
YE19102215700,,,5,,,5
YE19102218900,,,5,,,5
YE19102221400,,,5,,,5
YE19102220900,10,,,,,10
YE19082216200,,,5,,,5
YE19082211300,10,,,,,10
YE19082118800,,,5,,,5
YE19082200101,5,,,,,5
YE19082210500,,,5,,,5
YE19082122300,,,5,,,5
YE19112114900,5,,,,,5
YE19112217100,,,5,,,5
YE19152100185,,,5,,,5
YE19112100106,5,,,,,5
YE19112180500,,,5,,,5
YE19112100190,,,5,,,5
YE19112100107,5,0,5,0,0,10
YE19112211100,,,5,,,5
YE19022183300,,,5,,,5
YE19022100101,15,,,,,15
YE19022183200,,,10,,,10
YE19192218600,,,5,,,5
YE19192213400,,,5,,,5
YE19192212400,,,5,,,5
YE19192114500,,,5,,,5
YE19232112200,,,5,,,5
YE19232113300,,,5,,,5
YE19232210400,,,5,,,5
YE19042180100,,,5,,,5
YE19042181800,,,5,,,5
YE19042183100,,,5,,,5
YE17042612300,,,5,,,5
YE17042411900,5,,,,,5
YE17042412400,5,,,,,5
YE17042200201,0,0,5,0,45,50
YE17042200101,15,,,,115,130
YE17042114200,5,,,,,5
YE17042114000,5,,,,,5
YE17042113100,5,,,,,5
YE17042114100,5,,,,,5
YE17042112600,5,,,,,5
YE17042112100,,,5,,,5
YE17042121600,,,5,,,5
YE17042310800,5,,,,,5
YE17042713400,5,,,,,5
YE17042711700,5,,,,,5
YE17042511300,5,,,,,5
YE17042512800,10,,,,,10
YE17042510400,5,,,,,5
YE17042511900,5,,,,,5
YE17142211500,5,,,,,5
YE17142212500,,,5,,,5
YE17142211800,,,5,,,5
YE17142212700,5,,,,,5
YE17142310200,5,,,,,5
YE17142511100,,,5,,,5
YE17142111500,5,,,,,5
YE17142110100,5,,,,15,20
YE17142110300,,,5,,,5
YE17102310300,,,5,,,5
YE17102310400,,,5,,,5
YE17102210500,,,5,,,5
YE17102210100,5,,,,,5
YE17102210400,,,5,,15,20
YE17102110700,5,,,,,5
YE17102410400,5,,,,,5
YE17102411200,,,5,,,5
YE17102411800,5,,,,,5
YE17082111000,,,5,,,5
YE17082110600,,,5,,,5
YE17082810500,,,5,,,5
YE17082410100,10,,,,,10
YE17082410400,5,,,,,5
YE17082911400,,,5,,,5
YE17172212300,,,5,,,5
YE17172310600,,,5,,,5
YE17172311300,,,5,,,5
YE17172310100,,,5,,,5
YE17172310700,,,5,,,5
YE17172111100,10,,,,,10
YE17172100101,10,,,,,10
YE17152100101,15,,,,,15
YE19112100195,,,5,,,5
YE17152510700,,,5,,,5
YE17152510100,,,5,,,5
YE17152410200,5,,,,,5
YE17152212500,,,5,,,5
YE17152212700,5,,,,,5
YE17152210800,,,5,,,5
YE17162311200,5,,,,,5
YE17162310600,,,5,,,5
YE17162310100,5,,,,,5
YE17162110100,,,5,,,5
YE17162410500,,,5,,,5
YE17162410300,5,,,,,5
YE17162410700,,,5,,,5
YE17162210100,5,,,,,5
YE17253010100,,,5,,,5
YE17252500101,10,,,,,10
YE17252510600,,,5,,,5
YE17252510400,10,,,,,10
YE17252511000,,,5,,,5
YE17252110100,,,5,,,5
YE17252110700,,,5,,,5
YE17212200101,10,,,,,10
YE17212311200,,,5,,,5
YE17212311700,,,5,,,5
YE17212311800,,,5,,,5
YE17212411100,5,,5,,,10
YE17122213400,5,,,,,5
YE17122221100,5,,,,,5
YE17122216800,,,5,,,5
YE17122217000,5,,,,,5
YE17122314200,,,5,,,5
YE17122316700,,,5,,,5
YE17122312500,,,5,,,5
YE17122110200,5,,,,,5
YE17122116200,,,5,,,5
YE17122114300,5,,,,,5
YE17012412000,,,5,,,5
YE17012210700,,,5,,,5
YE17012210100,5,,,,,5
YE17012210300,,,5,,,5
YE17012313400,5,,,,,5
YE17012110500,5,,,,,5
YE17012111400,5,,,,,5
YE17012110900,5,,,,,5
YE17272210400,,,5,,,5
YE17272210500,5,,,,20,25
YE17272312400,,,5,,,5
YE17272600100,5,,,,,5
YE17272410500,,,5,,,5
YE17272110500,5,,,,,5
YE17272111000,,,5,,,5
YE17272810500,5,,,,,5
YE17272812700,,,5,,,5
YE17242211300,5,,,,,5
YE17242211000,,,5,,,5
YE17242111800,5,,,,,5
YE17242110100,5,,,,,5
YE17242310100,5,,5,,,10
YE17242310400,,,5,,,5
YE17242310200,,,5,,,5
YE17242310600,,,5,,,5
YE17292510600,,,5,,,5
YE17292210800,,,5,,,5
YE17292711300,,,10,,,10
YE17282411400,,,5,,,5
YE17282410500,,,5,,,5
YE17152100130,,,5,,,5
YE17282100130,,,5,,,5
YE17282100140,,,5,,,5
YE17282100101,20,,,,,20
YE17022513400,,,5,,,5
YE17022110200,,,5,,,5
YE17282100150,,,5,,,5
YE17052100101,,,5,,,5
YE17052110500,,,10,,,10
YE17112110100,,,5,,,5
YE17112311000,5,,,,,5
YE17112411300,5,,,,,5
YE17112410300,,,5,,,5
YE17112411400,,,,,10,10
YE17112411800,5,,,,5,10
YE17112410400,5,,,,,5
YE17112511400,5,,,,,5
YE17112512200,,,5,,,5
YE17112210800,,,5,,,5
YE17112211100,,,5,,,5
YE17222410100,,,5,,,5
YE17222211900,5,,,,,5
YE17222610700,,,5,,,5
YE17222610100,5,,,,,5
YE17222111100,5,,,,,5
YE17222112100,5,,,,,5
YE17222110100,,,5,,,5
YE17222111200,5,,,,,5
YE17222111800,,,5,,,5
YE17222111900,,,5,,,5
YE17182610100,5,,,,,5
YE17182310900,,,10,,,10
YE17182410800,5,,,,,5
YE17182410100,,,5,,,5
YE17182110600,,,5,,,5
YE17182100101,5,,,,,5
YE17092210300,5,,,,,5
YE17092310400,,,5,,,5
YE17092110600,,,5,,,5
YE17092110300,,,5,,,5
YE17092110700,,,5,,,5
YE17092510200,5,,,,,5
YE17092410100,5,,,,,5
YE17092411000,5,,,,,5
YE17092410200,,,5,,,5
YE17072911400,,,,,5,5
YE17072910200,5,,,,,5
YE17072912000,,,5,,,5
YE17072310900,,,5,,,5
YE17072210700,,,,,5,5
YE17072210500,,,,,5,5
YE17072112100,,,5,,,5
YE17072111700,,,5,,,5
YE17072810200,10,,,,,10
YE17072810500,5,,,,,5
YE17072811700,,,5,,,5
YE17072811600,5,,,,,5
YE17072511100,,,,,5,5
YE17072510400,,,,,5,5
YE17202310800,5,,,,5,10
YE17202310400,5,,,,,5
YE17202310500,,,,,5,5
YE17202311600,,,,,5,5
YE17202511200,,,5,,,5
YE17202510800,,,5,,,5
YE17202411200,,,5,,,5
YE17202411300,5,,,,,5
YE17202410800,,,5,,,5
YE17202110600,5,,,,,5
YE17202111200,,,5,,,5
YE17032210100,20,,5,,,25
YE17032210300,5,,,,,5
YE17022100130,,,5,,,5
YE17032110100,,,5,,,5
YE17062211900,,,10,,,10
YE17062211600,5,,,,,5
YE17062210200,,,5,,,5
YE17062211700,5,,5,,,10
YE17062211800,,,5,,,5
YE17062110500,5,,,,,5
YE17062111500,5,,,,,5
YE17062111200,5,,,,,5
YE17262310100,,,5,,,5
YE17262311100,,,5,,,5
YE17262411000,15,,10,,,25
YE17262510100,5,,,,,5
YE17132211100,,,5,,,5
YE17132211500,,,,,5,5
YE17132310500,5,,,,,5
YE17132114100,,,,,5,5
YE17132113000,5,,,,,5
YE17132111700,,,5,,,5
YE17132113800,,,5,,,5
YE17132113600,,,,,5,5
YE17132110500,,,5,,,5
YE17132113400,,,5,,,5
YE17132410300,5,,,,,5
YE17132410800,5,,,,,5
YE17312110600,5,,,,,5
YE17312116700,,,5,,,5
YE17312110500,,,5,,,5
YE17312115000,,,5,,,5
YE17312110200,5,,,,,5
YE17312110700,5,,,,,5
YE17312114500,,,5,,,5
YE17312114600,10,,,,,10
YE17192311500,,,5,,,5
YE17192112700,,,5,,,5
YE17192110200,20,,,,,20
YE17192111500,,,5,,,5
YE17232310500,,,5,,,5
YE17232310300,5,,,,,5
YE17232510200,5,,,,,5
YE17232610400,5,,,,,5
YE17232110200,,,10,,,10
YE17232410300,5,,,,,5
YE17302416600,5,,,,,5
YE17302411900,,,5,,,5
YE17302311700,,,5,,,5
YE17302311000,5,,,,,5
YE17302312100,5,,,,,5
YE17302113200,5,,5,,,10
YE17302118200,5,,,,,5
YE17302112400,,,5,,,5
YE17302112800,,,5,,,5
YE17032100130,,,5,,,5
YE11192100130,,,5,,,5
YE11192100101,35,0,0,65,45,145
YE11192410900,,,5,,,5
YE11192210300,5,,,,,5
YE11072110700,5,,,,,5
YE11072111000,5,,5,,,10
YE11072210200,,,5,,,5
YE11072212000,,,5,,,5
YE11072810500,,,5,,,5
YE11072410900,,,5,,,5
YE11073011300,5,,,,,5
YE11072912100,5,,,,,5
YE11182110700,,,5,,,5
YE11192100140,,,5,,,5
YE11182300150,,,5,,,5
YE11182300160,,,5,,,5
YE11182300102,15,,,,35,50
YE11182300170,,,5,,,5
YE11182210400,5,,,,15,20
YE11182210200,5,,,,,5
YE11013110100,,,5,,,5
YE11013510700,,,5,,,5
YE11012310300,,,5,,,5
YE11012310900,,,5,,,5
YE11012311600,5,,,,,5
YE11012611000,5,,,,,5
YE11012610800,5,,,,,5
YE11013410200,,,5,,,5
YE11113410700,,,5,,,5
YE11112810400,5,,,,,5
YE11113210100,,,5,,,5
YE11112300101,10,,,,,10
YE11114010100,5,,,,,5
YE11112510100,5,,,,,5
YE11114110700,,,5,,,5
YE11042511000,,,5,,,5
YE11042610500,,,5,,,5
YE11042411300,,,5,,,5
YE11042110800,,,5,,,5
YE11042710400,5,,,,,5
YE11042700101,5,,,,,5
YE11043410300,5,,,,,5
YE11042810100,5,,,,,5
YE11042210100,5,,,,,5
YE11042910500,,,5,,,5
YE11032411200,,,5,,,5
YE11032100101,5,,,,25,30
YE11032110100,5,,,,,5
YE11032110700,5,,,,,5
YE11032710600,,,5,,,5
YE11032312900,,,5,,,5
YE11032310200,,,5,,,5
YE11032313000,,,5,,,5
YE11032311700,5,,,,,5
YE11143210400,5,,,,,5
YE11143210500,5,,,,,5
YE11143110300,5,,,,,5
YE11143010100,,,5,,,5
YE11143310400,,,5,,,5
YE11142110200,,,,,5,5
YE11142410100,,,,,5,5
YE11142410500,,,,,5,5
YE11142410600,,,5,,,5
YE11142810100,,,5,,,5
YE11142310900,5,,,,,5
YE11142610300,,,5,,,5
YE11062512600,,,5,,,5
YE11062511600,5,,,,,5
YE11062411100,,,5,,,5
YE11063210300,5,,5,,,10
YE11063210100,5,,,,,5
YE11062910400,,,5,,,5
YE11062810400,,,5,,,5
YE11062210400,,,,,10,10
YE11062100101,5,,,,,5
YE11062111500,,,,,10,10
YE11152411200,,,5,,,5
YE11152410700,5,,5,,,10
YE11153210300,,,5,,,5
YE11152310400,,,5,,,5
YE11152311300,5,,,,,5
YE11153011600,5,,5,,,10
YE11152110500,5,,,,,5
YE11152910100,5,,,,,5
YE11052100101,5,,,,,5
YE11052112000,,,5,,,5
YE11052810100,5,,,,,5
YE11052610300,5,,,,,5
YE11052711200,,,5,,,5
YE11052710500,5,,,,,5
YE11052410700,,,5,,,5
YE11052410500,,,5,,,5
YE11132911300,5,,,,,5
YE11132800101,5,,,,,5
YE11132710200,5,,,,,5
YE11132110500,,,,,5,5
YE11132110400,,,5,,,5
YE11132510300,5,,,,,5
YE11132610100,5,,,,,5
YE11132611200,,,5,,,5
YE11132611500,,,5,,,5
YE11132410700,,,5,,,5
YE11132310100,,,5,,,5
YE11133310400,,,,,10,10
YE11163010500,,,5,,,5
YE11162510100,5,,,,,5
YE11182300180,,,5,,,5
YE11163600201,20,,,,,20
YE11163610200,5,,,,,5
YE11162411400,,,5,,,5
YE11163711500,5,,,,,5
YE11102210300,,,5,,,5
YE11102411300,5,,,,,5
YE11102410900,,,5,,,5
YE11102110400,,,5,,,5
YE11102110200,,,5,,,5
YE11102510500,5,,,,,5
YE11102710600,5,,,,,5
YE11102710900,,,5,,,5
YE11093910100,5,,,,,5
YE11093010300,5,,,,,5
YE11092910300,,,,,5,5
YE11092910500,,,,,10,10
YE11093610200,5,,5,,,10
YE11093110300,,,5,,,5
YE11092111500,,,5,,,5
YE11092611000,,,5,,,5
YE11092610500,,,5,,,5
YE11083310100,5,,,,,5
YE11083910400,5,,,,,5
YE11083810200,,,5,,,5
YE11082410800,,,5,,,5
YE11082410600,,,5,,,5
YE11082610200,,,5,,,5
YE11083210200,5,,,,,5
YE11083710800,5,,,,,5
YE11083710100,,,5,,,5
YE11083510100,5,,,,,5
YE11202411800,,,5,,,5
YE11202411500,5,,,,,5
YE11203410800,,,5,,,5
YE11203110600,5,,,,,5
YE11202311200,,,5,,,5
YE11202310700,5,,,,,5
YE11202310900,5,,,,,5
YE11202912800,5,,,,,5
YE11122110300,,,5,,,5
YE11122710600,,,5,,,5
YE11122711100,,,5,,,5
YE11123010400,5,,,,,5
YE11122610900,,,5,,,5
YE11122610800,5,,,,,5
YE11163600130,,,5,,,5
YE11123100101,15,,,,,15
YE11172910300,5,,,,,5
YE11172910200,5,,,,,5
YE11173210300,5,,,,,5
YE11173210500,,,5,,,5
YE11173310100,,,5,,,5
YE11172210400,,,5,,,5
YE11172410100,5,,,,,5
YE11172510400,,,10,,,10
YE11172710700,5,,,,,5
YE11023113200,,,5,,,5
YE11023010900,,,5,,,5
YE11022200301,5,,,,,5
YE11022310100,5,,,,,5
YE11123100130,,,5,,,5
YE11022100101,15,,,,,15
YE25012318500,5,,,,,5
YE25012211300,5,,,,,5
YE25012320900,5,,,,,5
YE25012200101,5,,,,,5
YE25012317000,,,5,,,5
YE25012119300,,,5,,,5
YE25012312600,,,5,,,5
YE25142100101,15,,,,135,150
YE25142100111,,,5,,,5
YE25142100125,,,5,,,5
YE25142100107,,,5,,,5
YE25142100113,,,5,,,5
YE25132156110,5,,,,,5
YE25132149110,5,,,,,5
YE25132150110,,,,,20,20
YE25132165110,,,,,5,5
YE25132112800,,,5,,,5
YE25132180700,,20,,190,,210
YE25132237400,,,5,,,5
YE25132128000,5,,,,,5
YE25132217900,5,,,,,5
YE25132243110,,,5,,,5
YE25032217300,5,,,,,5
YE25032220400,5,,,,,5
YE25032123800,,,5,,,5
YE25032122400,,,5,,,5
YE25032111100,5,,5,,,10
YE25032122200,,,5,,,5
YE25122810400,,,5,,,5
YE25123510100,,,5,,,5
YE25123611200,10,,,,,10
YE25124010400,5,,,,,5
YE25122310200,5,,,,,5
YE25122310400,,,5,,,5
YE25124210400,5,,,,,5
YE25082225400,,,,,15,15
YE25082112100,,,5,,,5
YE25082115700,,,5,,,5
YE25082127100,,,5,,,5
YE25082100101,5,,,,,5
YE25082116600,5,,,,,5
YE25082114600,5,,,,,5
YE25082229500,,,5,,,5
YE25092221900,5,,,,,5
YE25092226900,,,5,,,5
YE25092227300,,,5,,,5
YE25092223900,,,5,,,5
YE25092110100,5,,,,5,10
YE25092114600,,,5,,,5
YE25092110400,5,,,,,5
YE25092110800,,,,,5,5
YE25092110200,,,,,5,5
YE25102156100,5,,5,,,10
YE25102110500,5,,,,,5
YE25102112900,5,,,,,5
YE25102111600,5,,,,,5
YE25102217900,,,,,10,10
YE25102232200,5,,,,,5
YE25102220500,5,,,,,5
YE25102211300,,,,,5,5
YE25102210400,,,,,5,5
YE25102213100,,,5,,,5
YE25102212700,,,5,,,5
YE25102211400,5,,,,,5
YE25102213200,5,,,,,5
YE25102210200,,,5,,,5
YE25102212800,,,5,,,5
YE25102211100,5,,,,,5
YE25102212300,5,,,,,5
YE25102228000,,,5,,,5
YE25052144100,,,5,,,5
YE25052113900,10,,,,,10
YE25052127200,5,,,,,5
YE25052318900,,,5,,,5
YE25052155600,,,5,,,5
YE25052324500,,,5,,,5
YE25062200101,15,,,,,15
YE25062211600,,,5,,,5
YE25062132600,,,5,,,5
YE25062214600,,,5,,,5
YE25062132100,,,5,,,5
YE25072411100,10,,,,,10
YE25072400101,5,0,5,0,0,10
YE25072211600,,,5,,,5
YE25072210100,,,5,,,5
YE25072211400,,,5,,,5
YE25152211200,10,,,,5,15
YE25152214800,5,,,,,5
YE25152218200,5,,,,,5
YE25152210300,5,,,,,5
YE25152214900,5,,,,,5
YE25152217900,5,,,,,5
YE25152215900,5,,,,,5
YE25152200201,5,0,5,0,0,10
YE25152219600,10,,,,,10
YE25152216100,,,5,,,5
YE25152111700,,,,,10,10
YE25152217400,,,5,,,5
YE25152219400,10,,,,,10
YE25152100301,5,,,,,5
YE25152114300,5,,,,,5
YE25152219300,5,,,,,5
YE25152113500,,,,,5,5
YE25152113800,5,,,,,5
YE25152218000,,,5,,,5
YE25152112300,,,5,,,5
YE25152113400,,,,,5,5
YE25152118400,,,,,5,5
YE25112228700,5,,,,,5
YE25112221300,,,,,5,5
YE25112223100,,,,,5,5
YE25112223600,,,,,10,10
YE25112111100,10,,,,,10
YE25112240400,,,5,,,5
YE25112234600,,,5,,,5
YE25112227100,,,5,,,5
YE25112119800,5,,,,,5
YE25022242600,15,,,,,15
YE25022211700,,,5,,,5
YE25022110100,,,5,,,5
YE25022111000,,,10,,,10
YE25042152700,,,5,,,5
YE25042155400,,,5,,,5
YE25042112100,15,,,,,15
YE25042213400,,,5,,,5
YE25042110300,,,5,,,5
YE26112210400,,,5,,,5
YE26112210800,5,,,,,5
YE26112210500,,,5,,,5
YE26112610400,5,,,,,5
YE26112610600,5,,,,,5
YE26112410100,5,,,,,5
YE26112310100,,,,15,,15
YE26112110600,,,5,,,5
YE26112110300,5,,,,,5
YE26072100101,,,,15,,15
YE26072110100,5,,,,,5
YE26072210100,5,,5,,,10
YE26072310300,5,,5,,,10
YE26072310100,5,,,,,5
YE26072510500,5,,,,,5
YE26072510200,,,5,,,5
YE26072510400,,,5,,,5
YE26052710100,,,5,,,5
YE26052210200,5,,,,,5
YE26052210800,5,,,,15,20
YE26052410100,5,,,,,5
YE26052111000,,,5,,,5
YE26052610200,,,5,,,5
YE26052610100,5,,,,,5
YE26092810400,,,5,,,5
YE26093010900,5,,,,,5
YE26092110200,,,5,,,5
YE11022100130,,,5,,,5
YE26092780100,,,5,,,5
YE26092700130,,,5,,,5
YE26092610100,5,,,,,5
YE26093110400,,,5,,,5
YE26093110500,5,,,,,5
YE26092310300,5,,,,,5
YE26092310200,5,,,,,5
YE26042210600,5,,,,,5
YE26042210700,,,5,,5,10
YE26042210500,,,,,5,5
YE26042110400,5,,5,,,10
YE26042110300,5,,,,,5
YE26042110600,5,,,,,5
YE26042110200,,,5,,,5
YE26042110900,5,,,,5,10
YE26042110100,,,,,5,5
YE26142110400,,,5,,,5
YE26142110700,5,,,,,5
YE26142111300,5,,,,,5
YE26142111500,,,10,,,10
YE26142111100,5,,,,,5
YE26102110100,,,,,10,10
YE26102110500,5,,,,5,10
YE26102110700,5,,,,,5
YE26102210100,10,,,,5,15
YE26102210400,,,,,5,5
YE26102410500,,,,,5,5
YE26102410600,,,10,,,10
YE26102510100,,,5,,,5
YE15192100170,,,,15,,15
YE26012110100,5,,,,15,20
YE26012110400,10,,,,10,20
YE26012110300,,,,,5,5
YE26012110200,,,5,,5,10
YE26012210200,,,5,,20,25
YE26012210100,,,5,,5,10
YE26012310300,5,,,,15,20
YE26012310100,,,,,50,50
YE26012380300,,,,,5,5
YE26012310200,5,,,,5,10
YE26122100150,,65,,,,65
YE26132310700,,,5,,,5
YE26132310100,,,5,,,5
YE26132312800,,,5,,,5
YE26132610400,5,,,,,5
YE26132610300,,,10,,,10
YE26132210200,5,,,,,5
YE26132210300,5,,,,,5
YE26132210900,,,5,,,5
YE26132510300,,,5,,,5
YE26132410500,5,,,,,5
YE26132110100,,15,,,,15
YE26121401401,15,,,,,15
YE26121201201,20,,,,,20
YE26121001001,5,,,,,5
YE26121101001,25,,,,,25
YE26120200201,5,,,,,5
YE26120800801,40,,,,,40
YE26120300301,15,,,,,15
YE26121301301,5,,,,,5
YE26120900901,5,,,,,5
YE26120500501,5,,,,,5
YE26120600601,5,,,,,5
YE26120400401,5,,,,,5
YE26122111000,5,,,,,5
YE26122110600,,,5,,,5
YE26092700140,,80,,,,80
YE26132100130,,,5,,,5
YE26122111700,5,,,,,5
YE26122100130,,,,15,,15
YE26122110100,,,5,,,5
YE26122110900,,,5,,,5
YE26032110900,5,,5,,,10
YE26032111300,5,,,,,5
YE26032110700,10,,,,,10
YE26032110300,5,,,,,5
YE26032111000,,,5,,,5
YE26032110500,,,5,,,5
YE26032100100,,,,15,,15
YE26022100100,5,,5,,,10
YE26022110300,5,,,,,5
YE26022110100,5,,,,,5
YE26022110700,,,5,,,5
YE26022110500,5,,5,,,10
YE26022110200,5,,,,,5
YE26082210100,,,10,,,10
YE26082310600,5,,,,,5
YE26082510300,10,,,,,10
YE26082110100,5,,5,,,10
YE26062310300,5,,,,,5
YE26062310100,5,,,,30,35
YE26062310200,5,,,,,5
YE26062110600,,,5,,,5
YE26062110100,,,5,,,5
YE26062210200,5,,,,,5
YE26062210900,,,5,,,5
YE26062210500,5,,,,,5
YE26062211600,,,5,,,5
YE31033310200,5,,,,,5
YE31033310300,,,5,,,5
YE31032610200,,,5,,,5
YE31032310400,,,5,,,5
YE31032410400,5,,,,,5
YE31032411900,,,5,,,5
YE31032414300,5,,,,,5
YE31033410200,,,5,,,5
YE31034010400,5,,,,,5
YE31032710700,,,5,,,5
YE31032710400,,,5,,,5
YE31033910200,5,,,,,5
YE31033911100,5,,,,,5
YE31033710400,5,,,,,5
YE31032510600,,,5,,,5
YE31033610400,5,,,,,5
YE31033610800,,,5,,,5
YE31062711000,,,5,,,5
YE31062310500,5,,,,,5
YE31063111200,,,5,,,5
YE31063110900,5,,,,,5
YE31063111000,5,,,,,5
YE31062510300,5,,,,,5
YE31062210200,,,5,,,5
YE31062210800,5,,,,,5
YE31062410300,5,,,,,5
YE31063210300,5,,,,,5
YE31063210700,,,5,,,5
YE31062110300,5,,,,,5
YE31062110400,,,5,,,5
YE31062110600,5,,,,,5
YE31063410500,,,5,,,5
YE31063411400,5,,5,,,10
YE31063411300,10,,,,,10
YE31022110100,,,5,,,5
YE31022410100,5,,,,,5
YE31022410800,5,,,,,5
YE31022411500,,,5,,,5
YE31022310200,5,,,,,5
YE31022210100,5,,,,,5
YE31022210200,,,10,,,10
YE31022510300,,,5,,,5
YE31023910300,5,,,,,5
YE31023410700,,,5,,,5
YE31023410300,,,5,,,5
YE31023110400,,,5,,,5
YE31023810300,5,,,,,5
YE31013310500,5,,,,,5
YE31012510300,5,,,,,5
YE31012311000,,,5,,,5
YE31012410400,5,,5,,,10
YE31012410300,5,,,,,5
YE31012910200,5,,,,,5
YE31012810100,,,5,,,5
YE31053010700,5,,,,,5
YE31052110400,,,5,,,5
YE31052110200,5,,,,,5
YE31052110600,,,5,,,5
YE31052410100,,,5,,,5
YE31052410200,,,5,,,5
YE31052410600,,,5,,,5
YE31052410500,,,5,,,5
YE31053310400,,,5,,,5
YE31053310500,5,,,,,5
YE31052910200,,,5,,,5
YE31042210300,5,,,,,5
YE31042210900,5,,,,,5
YE31042212400,,,10,,,10
YE31042212100,,,5,,,5
YE31042211000,,,5,,,5
YE31042710400,5,,,,,5
YE31042710500,10,,,,,10
YE31042710200,5,,,,,5
YE31042710600,5,,15,,,20
YE31042311000,,,5,,,5
YE31042311100,5,,,,,5
YE26122100160,,,10,,,10
YE22072100101,10,,,,10,20
YE22072111000,,,10,,,10
YE22072110900,,,5,,,5
YE22072210300,10,,,,5,15
YE22072210500,,,,,5,5
YE22072210200,,,,,10,10
YE22132200100,5,,,,,5
YE22132210200,5,,,,,5
YE22132210700,,,5,,,5
YE22132310100,5,,,,,5
YE22132310800,,,5,,,5
YE22132110100,,,,,5,5
YE22132110300,,,5,,10,15
YE22122610500,5,,,,,5
YE22122610100,5,,5,,,10
YE22122110300,,,,,5,5
YE22122411600,,,5,,,5
YE22122410700,,,,,5,5
YE22122411300,5,,,,,5
YE22122412000,,,,,5,5
YE22122410400,,,,,5,5
YE22122410100,5,,,,,5
YE22122311300,,,5,,,5
YE22122310400,,,,,5,5
YE22072100130,,,5,,,5
YE22012100101,,,,,5,5
YE22012710100,5,,,,,5
YE22012710600,5,,,,,5
YE22012710400,,,,,5,5
YE22012710900,5,,5,,,10
YE22012211200,,,5,,,5
YE22012310300,,,,,5,5
YE22012510900,,10,,,,10
YE22012511000,,,5,,,5
YE22012511500,5,,,,,5
YE22012411000,,10,,,,10
YE22042110800,5,,,,,5
YE22042311100,,,5,,,5
YE22042310300,,,5,,,5
YE22042210300,5,,,,,5
YE22042212600,5,,,,,5
YE22042210500,,,5,,,5
YE22042213000,5,,,,,5
YE22082100101,,,,,10,10
YE22083210800,5,,5,,,10
YE22083210200,,,,,5,5
YE22083210400,,,5,,5,10
YE22082210600,5,,,,,5
YE22082310100,,,,,10,10
YE22082610300,,,,,5,5
YE22082910400,5,,,,,5
YE22082911000,,,5,,,5
YE22082910900,5,,,,,5
YE22082910200,5,,,,,5
YE22083010300,,,5,,,5
YE22142111200,,,,,5,5
YE22142110300,5,,,,,5
YE22142111000,5,,,,,5
YE22142110400,,,,,5,5
YE22142111100,,,,,5,5
YE22142110600,5,,,,,5
YE22142610700,,,5,,,5
YE22142511200,,,5,,,5
YE22142210900,5,,,,,5
YE22142210600,,,5,,,5
YE22142411100,,,,,10,10
YE22102810200,,,5,,,5
YE22102510200,5,,,,,5
YE22102510300,,,,,5,5
YE22103211000,5,,,,,5
YE22103210300,,,5,,,5
YE22012100130,,,5,,,5
YE22102300201,5,,,,10,15
YE22102110100,5,,,,,5
YE22102610100,,,5,,,5
YE22032110200,5,,,,,5
YE22032110600,,,10,,,10
YE22032110700,5,,,,,5
YE22032110100,,,,,15,15
YE22033010600,5,,,,,5
YE22033310500,,,5,,,5
YE22032610400,5,,,,,5
YE22082910100,,165,,,,165
YE22022410700,,25,,,,25
YE22022310800,,,5,,,5
YE22022311400,,,5,,,5
YE22022310500,5,,,,5,10
YE22022210100,,,5,,,5
YE22022110100,5,,,,,5
YE22022110600,,,5,,,5
YE22022100101,5,,,,10,15
YE22022110300,5,,,,,5
YE22052411100,,,,,5,5
YE22052610100,,,5,,,5
YE22102300130,,,5,,,5
YE22053210300,5,,,,,5
YE22053210500,,,,,5,5
YE22053210100,5,,,,,5
YE22053210700,,,,,5,5
YE22053310600,5,,,,,5
YE22053510400,,,5,,,5
YE22053510500,5,,,,,5
YE22052211000,5,,,,,5
YE22052110600,,,5,,,5
YE22152210500,,,,,5,5
YE22152210300,5,,,,,5
YE22053200130,,25,,,,25
YE22152100130,,,5,,,5
YE22152100140,,,5,,,5
YE22152100101,20,,,,70,90
YE22152100150,,,5,,,5
YE22112110300,,,5,,,5
YE22112310700,5,,,,,5
YE22112410100,5,,,,15,20
YE22112511100,10,,,,,10
YE22152100160,,,5,,,5
YE22112210100,5,,,,,5
YE22112711500,,,5,,,5
YE22112711900,,,5,,,5
YE22112712100,5,,,,,5
YE22112710700,5,,,,,5
YE22112910200,,,,,5,5
YE22112910300,,,5,,,5
YE22112910600,10,,,,,10
YE22112810900,,,5,,,5
YE22112811200,5,,,,,5
YE22112610900,5,,,,,5
YE22112612600,,,5,,,5
YE22112611000,,,5,,,5
YE22093710100,,,,,5,5
YE22093910100,,,5,,,5
YE22093911400,5,,,,,5
YE22093910900,5,,,,,5
YE22093311800,,,,,10,10
YE22093311200,5,,,,,5
YE22094012000,5,,,,,5
YE22093811100,,,5,,,5
YE22093610100,,,,,5,5
YE22092111500,,,,,5,5
YE22092210700,,,5,,,5
YE22062110500,,,5,,,5
YE22062210500,,,5,,,5
YE22062210600,,,5,,,5
YE23082110500,10,,,,,10
YE23082712700,,,5,,,5
YE23082312300,,,5,,,5
YE23082311100,5,,,,,5
YE23082811500,,,5,,,5
YE23082812600,,,5,,,5
YE23094210900,,,5,,,5
YE23093611200,10,,,,,10
YE23093111300,,,5,,,5
YE23095010100,,,5,,,5
YE23092210100,5,,,,,5
YE23152113200,5,,,,,5
YE23152110400,,,5,,,5
YE23152112500,,,5,,,5
YE23152112800,,,5,,,5
YE23152111400,10,,,,,10
YE23152100100,,,5,,,5
YE23022311500,,,5,,,5
YE23023510200,5,,,,,5
YE23023511500,,,5,,,5
YE23022111000,,,5,,,5
YE23022110100,5,,,,,5
YE23022411600,,,5,,,5
YE23023410200,5,,,,,5
YE23132210200,5,,,,,5
YE23132211800,5,,,,,5
YE23132211400,,,5,,,5
YE23132100100,5,,,,,5
YE23132412200,,,5,,,5
YE23132412100,5,,,,,5
YE23132411400,,,5,,,5
YE23132412000,,,5,,,5
YE23132410100,5,,,,,5
YE23142114600,,,5,,,5
YE23142110100,,,5,,,5
YE23142113300,,,5,,,5
YE23142117800,15,,,,,15
YE23042710600,,,5,,,5
YE23042410800,5,,,,,5
YE23042210200,5,,,,,5
YE23042310100,10,,,,,10
YE23042510800,,,5,,,5
YE23042510100,,,5,,,5
YE23073110700,,,5,,,5
YE23073411200,5,,,,,5
YE23072110100,,,5,,,5
YE23072112100,,,5,,,5
YE23072510900,,,5,,,5
YE23072510100,,,5,,,5
YE23073300101,5,,,,,5
YE23072710600,10,,,,20,30
YE23062310100,,,5,,,5
YE23062110100,,,5,,,5
YE23062111300,10,,,,,10
YE23062111100,5,,,,,5
YE23062210800,,,5,,,5
YE23062210700,,,5,,,5
YE23012410100,5,,,,,5
YE23012310300,,,5,,,5
YE23012110300,,,,,10,10
YE23012111700,,,,,5,5
YE23012100107,10,,,,,10
YE13192100106,5,,,,,5
YE13192100105,20,,,,,20
YE13192100101,5,,,,,5
YE23012100102,15,,,,,15
YE23012100108,5,,,,,5
YE23012211500,5,,,,,5
YE23012210500,,,5,,,5
YE23012211400,5,,,,,5
YE23012211300,5,,,,,5
YE23012210300,5,,,,,5
YE23012211600,,,5,,,5
YE23012210800,,,5,,,5
YE23162211500,,,5,,,5
YE23162310700,,,5,,,5
YE23162310900,5,,,,,5
YE23162410200,5,,,,,5
YE23162410300,,,5,,,5
YE23162110500,,,5,,,5
YE23162100101,10,,,,,10
YE23162110100,,,5,,,5
YE23122111600,,,5,,,5
YE23122112700,,,5,,,5
YE23122112200,,,5,,,5
YE23122312300,,,5,,,5
YE23122311500,10,,,,,10
YE23122210400,5,,,,,5
YE23102510300,5,,,,,5
YE23102611400,,,5,,,5
YE23103810600,,,5,,,5
YE23103810500,,,5,,,5
YE23102100101,15,,,,,15
YE23103710100,,,5,,,5
YE23032311300,5,,,,,5
YE23032311800,,,5,,,5
YE23032311900,,,5,,,5
YE23032310600,,,5,,,5
YE23032110800,5,,,,,5
YE23032110200,5,,,,,5
YE23032110900,5,,,,,5
YE23032412700,,,5,,,5
YE23112410700,,,5,,,5
YE23112810100,,,5,,,5
YE23112210900,5,,,,,5
YE23112510900,,,5,,,5
YE23112110300,5,,,,,5
YE23112710500,5,,,,,5
YE23112711200,,,5,,,5
YE23112710100,5,,,,,5
YE23053010200,,,5,,,5
YE23053010400,,,,,30,30
YE23053000201,,,,,5,5
YE23052911400,5,,,,,5
YE23052910900,5,,,,,5
YE23052910500,,,5,,,5
YE23052910700,,,5,,,5
YE23052911100,5,,5,,,10
YE13242100110,5,,,5,,10
YE13242100106,5,,,,45,50
YE13242100105,5,,,,,5
YE13242100104,5,,,,20,25
YE13242100114,5,,,10,20,35
YE13242100107,5,,,,,5
YE23052100111,5,,,,,5
YE13242100112,,,,,15,15
YE21062200100,5,,,,,5
YE21062119200,,,5,,,5
YE21062211200,,,5,,,5
YE21062186000,5,,,,,5
YE21062121400,5,,,,,5
YE21062214900,,,5,,,5
YE21022120000,,,,,15,15
YE21022219700,,,5,,,5
YE21022180900,,,5,,,5
YE21022180800,,,5,,,5
YE21022117700,5,,,,,5
YE21022117800,10,,,,,10
YE22112500130,,,5,,,5
YE21152112800,,,5,,,5
YE21152130800,5,,,,,5
YE21152100101,10,,,,,10
YE21152116900,,,5,,,5
YE21042219000,,,5,,,5
YE21042212900,,,5,,,5
YE21042183300,,,5,,,5
YE21122115600,5,,,,,5
YE21122123600,,,5,,,5
YE21122100101,5,,,,,5
YE21122129200,5,,,,,5
YE21122126100,,,,,5,5
YE21122119600,,,5,,25,30
YE21122115500,,,5,,,5
YE21122120000,,,,,5,5
YE21122110600,,,5,,,5
YE21152100130,,,5,,,5
YE21132100104,5,,,,20,25
YE21132200102,,,,,10,10
YE21132210800,5,,,,,5
YE21132100103,15,,,,25,40
YE21132100105,10,,,,40,50
YE21132100101,5,,,,,5
YE21132213000,,,,,10,10
YE21132116700,,,5,,,5
YE21132116500,,,5,,,5
YE21072126300,,,5,,,5
YE21072122600,,,5,,,5
YE21072113400,5,,,,,5
YE21072126200,5,,,,,5
YE21072213200,,,,,10,10
YE21072227500,,,,,5,5
YE21072221700,,,,,5,5
YE21072219900,5,,,,,5
YE21072213800,,,5,,,5
YE21072100101,5,,,,5,10
YE21072223300,5,,5,,,10
YE21012110800,15,,,,15,30
YE21012180500,,,5,,,5
YE21012115700,,,5,,,5
YE21012100100,,,5,,,5
YE21142324100,,,5,,,5
YE21142328100,,,5,,,5
YE21142200101,5,,,,,5
YE21142121700,,,5,,,5
YE21142127800,5,,,,,5
YE21142118100,5,,,,,5
YE21112200101,10,,,,,10
YE21112111300,5,,,,,5
YE21112186000,,,5,,,5
YE21112181800,,,5,,,5
YE21112182000,,,5,,,5
YE21032218600,,,5,,,5
YE21032131000,,,5,,,5
YE21032130900,,,5,,,5
YE21032200100,15,,,,,15
YE21162118000,,,,,15,15
YE21162118300,,,,,5,5
YE21162210900,,,5,,,5
YE21162214300,,,5,,,5
YE21162110300,10,0,5,15,5,35
YE21162213400,,,5,,,5
YE21162200101,5,,,,,5
YE21082110200,,,5,,,5
YE21082310100,10,,,,,10
YE21082510100,,,5,,,5
YE21082810300,,,5,,,5
YE21082810100,5,,,,,5
YE21092211100,5,,,,,5
YE21092329600,5,,,,,5
YE21092316100,5,,,,,5
YE21092131800,,,5,,,5
YE21092225500,,,5,,,5
YE21092324400,,,5,,,5
YE21092311000,,,5,,,5
YE21102321200,,,,,20,20
YE21102100101,15,,,,,15
YE21102210300,,,5,,,5
YE21102122100,,,5,,,5
YE21102214500,,,5,,,5
YE21172210900,,,,,5,5
YE21172118200,,,5,,,5
YE21172210200,10,,5,,5,20
YE21172210500,5,,,,5,10
YE21172211100,,,,,5,5
YE21172120600,,,5,,,5
YE21052213600,10,,,,,10
YE21052213000,5,,,,,5
YE21052230900,10,,,,,10
YE21052210600,,,,,10,10
YE21052119100,5,,,,,5
YE21052127900,0,0,5,25,0,30
YE21052118700,,,5,,,5
YE21052111500,5,,,,5,10
YE21052110100,0,0,5,15,0,20
YE21052122900,,,5,,,5
YE21052114200,,,,,5,5
YE21052121400,5,,,,,5
YE21052111200,5,,,,,5
YE21052122700,5,,,,,5
YE21052120300,5,,,,,5
YE21052100101,5,,,,,5
YE32012113600,,,5,,15,20
YE32012115800,,,,,5,5
YE32012217700,5,,,,5,10
YE21132100130,,,15,,,15
YE32012145200,,,5,,,5
YE32012248000,35,0,5,0,0,40
YE32012269200,,,5,,,5
YE32012280100,,,5,,,5
YE32012170900,,,5,,,5
YE32012273800,,,5,,,5
YE32012167700,15,,,,,15
YE32012249400,,,,,35,35
YE32012240300,,,5,,,5
YE32012118600,,,5,,,5
YE32012113800,,,5,,,5
YE32012266900,,,5,,,5
YE32012128400,,,5,,,5
YE32012111100,,,5,,,5
YE32012264800,,,5,,,5
YE32012242900,,,,,10,10
YE32012249200,40,,,,,40
YE32012200130,,,25,,,25
YE32012147700,15,,,,,15
YE32012240600,,,5,,,5
YE32012256600,10,,,,,10
YE32012116100,,,5,,,5
YE32012131100,,,5,,,5
YE32012248300,,,5,,,5
YE32012243000,,,5,,,5
YE32012114300,,,10,,,10
YE32012113400,,,5,,35,40
YE32012122600,,,5,,,5
YE32012123700,,,5,,,5
YE32012211900,,,5,,,5
YE32012145500,,,5,,,5
YE32012146400,,,5,,,5
YE32012200140,,,5,,,5
YE32022100102,35,,,,,35
YE32022202400,5,,,,,5
YE32022117700,,,5,,,5
YE32022120300,,,,,20,20
YE32022121100,,,,,10,10
YE32022118700,,,5,,,5
YE32022114900,,,5,,,5
YE32022116200,,,,,10,10
YE32022119600,,,5,,,5
YE32022114600,,,5,,,5
YE32022112200,,,5,,,5
YE32022120400,,,5,,,5
YE15212410800,,,5,,,5
YE15212411200,5,,,,,5
YE15212411000,5,,,,,5
YE15212411100,5,,,,,5
YE15212410200,,,5,,,5
YE15212410900,5,,,,,5
YE15212610600,,,5,,,5
YE15212310600,5,,,,,5
YE15212310100,,,5,,,5
YE15212110200,,,5,,,5
YE15222210500,,,5,,,5
YE15222710200,,,5,,,5
YE15222711200,,,5,,,5
YE15222311100,5,,,,,5
YE15222412000,,,5,,,5
YE15222110100,5,,,,,5
YE15222110200,5,,,,,5
YE15222114600,5,,,,,5
YE15222113400,,,5,,,5
YE15222110400,5,,,,,5
YE15112910100,,,5,,,5
YE15112910600,,,5,,,5
YE15112911200,,,,,5,5
YE15112610300,,,,,5,5
YE15112111200,5,,,,,5
YE15112110700,5,,,,,5
YE15112112000,,,,,5,5
YE15112111000,,,,,5,5
YE15112111300,5,,,,,5
YE15113110300,,,5,,,5
YE15112710200,5,,,,,5
YE15113210100,5,,,,,5
YE15113210200,,,5,,,5
YE15112410200,,,5,,,5
YE15112510500,,,,,5,5
YE16062100101,,,5,,,5
YE15172100135,,,5,,,5
YE15172100101,25,,,,65,90
YE15172100144,,,5,,,5
YE15052410100,5,,,,,5
YE15052410200,,,5,,,5
YE15052310400,,,5,,,5
YE15052310100,5,,5,,,10
YE32012200150,,,5,,,5
YE15052100101,15,,,,25,40
YE15052210200,,,5,,10,15
YE15182100111,,,5,,,5
YE15182100101,25,,,,25,50
YE15182100141,,,5,,,5
YE15182100126,,,5,,,5
YE15152510500,5,,,,,5
YE15152310100,,,,,5,5
YE15152211000,,,,,5,5
YE15152210500,,,,,5,5
YE15152211400,5,,,,5,10
YE15152211500,5,,,,,5
YE15152210900,,,,,5,5
YE15152210400,,,5,,,5
YE15152100100,5,,10,,,15
YE15152110500,,,,,5,5
YE15152110700,,,5,,,5
YE15132710100,,,5,,,5
YE15132210400,,,,,5,5
YE15132210500,,,,,5,5
YE15132210100,,,5,,,5
YE15132110100,,,5,,,5
YE15132110400,,,5,,,5
YE15132310800,,,5,,,5
YE15132310400,,,,,5,5
YE15132910100,5,,,,,5
YE15132910400,5,,,,,5
YE15132610600,,,,,5,5
YE15132810200,5,,,,,5
YE15133010200,10,,,,5,15
YE15143100101,5,,,,,5
YE15144710300,,,5,,,5
YE15144710400,5,,,,,5
YE15143610100,,,5,,,5
YE15142310200,5,,,,,5
YE15144410600,5,,,,,5
YE15143410400,,,5,,,5
YE15203810600,5,,,,,5
YE15203310100,,,5,,,5
YE15204010700,5,,,,,5
YE15203710700,5,,,,,5
YE15203710200,,,5,,,5
YE15203010200,,,5,,,5
YE15203010400,,,5,,,5
YE15202110200,5,,,,,5
YE15202110700,5,,,,,5
YE15202210100,5,,,,,5
YE15062110800,10,,,,5,15
YE15062111000,5,,10,,,15
YE15062110100,5,,,,10,15
YE15052100130,,,5,,,5
YE15062110300,5,,,,,5
YE15062111200,,,,,5,5
YE15122212100,,,10,,,10
YE15122212200,5,,,,,5
YE15122200201,5,,,,,5
YE15122210600,,,5,,,5
YE15122110200,5,,,,,5
YE15062100130,,,5,,,5
YE15122110900,,,5,,,5
YE15162411300,,,5,,,5
YE15162510300,,,5,,,5
YE15162311800,5,,,,,5
YE15162310100,,,5,,,5
YE15162310300,,,5,,,5
YE15162112000,5,,,,,5
YE15162111700,5,,,,,5
YE15162112100,5,,,,,5
YE15162112400,,,5,,,5
YE15162200101,5,,,,,5
YE15082810500,,,5,,,5
YE15082710600,,,5,,,5
YE15082210200,5,,,,,5
YE15083110300,,,5,,,5
YE15082310500,,,,,5,5
YE15082611000,5,,,,,5
YE15082911100,5,,,,,5
YE15082910800,,,,,5,5
YE15082910500,5,,,,10,15
YE15083210300,,,5,,,5
YE15083310100,,,5,,,5
YE15083010800,5,,,,,5
YE15043810800,,,5,,,5
YE15043810600,5,,,,,5
YE15042910100,,,,,10,10
YE15042811000,,,,,5,5
YE15044410600,,,5,,,5
YE15042210200,5,,,,,5
YE15042110100,5,,,,,5
YE15043110200,,,5,,,5
YE15092110300,5,,,,,5
YE15092111100,,,5,,,5
YE15092111000,,,5,,,5
YE15092110200,10,,,,,10
YE15092210600,5,,,,,5
YE15092210800,,,5,,20,25
YE15014010600,10,,,,,10
YE15012210100,5,,,,,5
YE15012510600,,,5,,,5
YE15013810200,,,5,,,5
YE15013710100,,45,,,,45
YE15013910100,5,,,,,5
YE15012710100,,,5,,,5
YE15013410200,,,5,,,5
YE15013410100,,,5,,,5
YE15014210100,5,,,,,5
YE15072210100,5,,,,5,10
YE15072310100,10,,5,,,15
YE15072310200,,,,,5,5
YE15072110300,,,,,5,5
YE15072110100,,,5,,,5
YE15122100130,,,5,,,5
YE15072110500,,,5,,,5
YE15072100101,10,,,,10,20
YE15102410200,,,5,,,5
YE15102110200,,,5,,,5
YE15102110500,,,,,15,15
YE15103110500,,,5,,,5
YE15102610100,5,,,,,5
YE15102310300,5,,,,,5
YE15102310800,5,,,,,5
YE15102910400,,,5,,,5
YE15102710300,,,,,5,5
YE15103210100,5,,,,,5
YE15103210400,,,5,,,5
YE15103210900,5,,,,,5
YE15192100148,,,5,,,5
YE15072100130,,,5,,,5
YE15192100107,,,5,,,5
YE15192100101,25,,,,25,50
YE15232112300,5,,,,,5
YE15232112700,,,5,,,5
YE15232112600,,,5,,,5
YE15232110500,5,,5,,,10
YE15232110700,10,,5,,,15
YE15232110400,5,,,,,5
YE15034010400,5,,,,,5
YE15032810300,5,,,,,5
YE15033910100,5,,,,,5
YE15034110200,,,5,,,5
YE15032110300,5,,,,,5
YE15032710600,5,,,,,5
YE15032710500,,,5,,,5
YE15032710700,,,5,,,5
YE15022210200,5,,,,,5
YE15022810500,5,,,,,5
YE15022811100,5,,,,,5
YE15022810700,5,,,,,5
YE15023610200,,,5,,,5
YE15022110300,5,,,,,5
YE15022611100,,,5,,,5
YE15023510900,,,5,,,5
YE15023510500,,,5,,,5
YE15023710100,,,5,,,5
